record_id	record_description	sequence	prediction_mask
KAG6796292.1	KAG6796292.1 Apidaecins type 73 [Apis mellifera caucasica]	MKNFALAILVVTFVVAVFGNTNLDPPTRPTRLRREAKPEAEPGNNRPVYIPQPRPPHPRLRREAEPEAEPGNNRPVYIPQPRPPHPRLRREAEPEAEPGNNRPVYIPQPRPPHPRLRREAEPEAEPGNNRPVYIPQPRPPHPRLRREAEPEAEPGNNRPVYIPQPRPPHPRLRREAKPEAEPGNNRPVYIPQPRPPHPRLRREAEPEAEPGNNRPVYIPQPRPPHPRI	000000000000000000000000000000010011111111111111111111111111111111111111111111111111111111111111111111111111111111111111111111111111111111111111111111111111111111111111111111111111111111111111111111111111111111111111111111111111
KAG6795503.1	KAG6795503.1 early nodulin-75 [Apis mellifera caucasica]	MKVYAALIAIFAAILVAFVSAEEPKCPEVNGDDATLLPNPDDCSTFYECDEGKPFLLECSPGLEYNPELRVCDYPNPNATCKHRPDLDPNNPNNRPSSQPPQPQHHPSSSPKPKPPRPTPPRPTPRPTSKPPKPCRQPKPRPPCKPKKPCKKPSYALPQFYPSPYFSPILPREYYENYYENEEYENEEYENEEYNYDSDEE	000000000000000000000000000000000000000000000000000000000000000000000000000000000000001011011001011111111111111110000000000000000000000000000000000000000000000000000000000000000000000000000000000000000
KAG6804292.1	KAG6804292.1 formin-1 isoform X1 [Apis mellifera caucasica]	MLLRTLWFIGVFIASIVLEFSALGSPIINSSDTSTEQKVFHDCQNTDYRTYIQCLKRQKRHHFDHGHPDIHNGDYDHECMESCLKKCNFNCDTACKHCIRKTKHRHQIITEYETECISGKCTEQKKEDLPNANITTNINIHNIINGSLSCCNSGTVCPPKVTCPPSSSTPYSSSTLSPSSSTPHTPYPPNPPHPPHPPHPPFPPFLPFPPFPPLLPPLLPLPFPPPLPPPPPPLFPPLQPPLPICPSQTCYPYSFMYGQNNFGCQFWNPHPCIQTWTNPVGPIDCSGCGYNYTYNSKCHIFCYYTTYTIQSSNCKNPYCVDGTYG	0000000000000000000000000000000000000000000000000000000000000000000000000000000000000000000000000000000000000000000000000000000000000000000000000000000000000000000000000000000000001011111111111111111111111110000000000000000000000000000000000000000000000000000000000000000000000000000000000000000000000000000000000000000000000
KAG6801387.1	KAG6801387.1 cardiomyopathy-associated protein 5 isoform X1 [Apis mellifera caucasica]	MSTEDGIDNPAFASDDCAAESRLNDEQQQVTLDHKSEGGPVENGHQRAQFVSQQYVEPGKTSPDPHHQRTETKIELPETNDKTVVEPKMNGVHGNGNNNDASFLNNSATSVQINDTGKKEQIEAVNLELVSMRPYAGNNLQTKGQEACEVPADPYEEYFVPVNEHRKYISRGPEAEVETTVAGVRFDLGPGVGREGLSLRDPAAGLVDYSHWLTALRGEKLYVTKDKRSRSSYWRRMACWGCCLAVVLIAVIIAILAATGVILTQETSEPLDNLQQNSRQFGDVRTAESQEYMKNPPPSPPPATSTFPSWPTTDETLYNTVPSALDGVLKLDEFQWDNDLSDPKSRVYRQVSTEIEEYLRSMLRQPMDNETIVKVYGINRDGEVKFRISYPPRSIPEETQQMIEKTLQKSGNMIGHYHLNSLKVTKLVDECQSGSFGCSEGCNYDYSKGLFVCFCRTRKVLASDGKNCVDENDLSNVEMDDEVPETNTEMVHDYVQGRSRGPGSVFEPRRPDNWDHLDFSTETTHNGHAPQDNEHEFHVYPHSSAEPEPTQTATTEENRVFNDESDSMHWMHDHSNHDHSMHDYSTYEHSMHDHSMHDHSMHDHSEHEHSMHDHSEHDHSTYDYSSLSTPEQKPEIESNSKSFAEPEPSAEPEPSAEPEPSVEPEPSAELEPSAKPEPSAEPEPSSEPEPSAEPEPSAEPEPSSEPEPSAEPEPSAEPEPSAEPEPSAEPEPSVEPKPSAEPEPSTEPEPSAEPEPSAEPEPSAEPEPSAEPEPSVEPEPSAEPEPSAEPEPSSEPEPSVKPEPSAEPEPSAGPEPSAEPEPSAEPEPSVKPEPSAEPEPSAEPEPSAEPEPKSPNELEFDPESSTKMINTELVSSMEPQSTEFNKPEPTRESQPSTEVEASAEPITEANPVSELSTKLTATEHPELPLQLDFTIRPEISGKEDSSTEHELLSTLSPIEPELFNDEKSRENMPSIVEHSTEIQNTIVPKDFTEKTFTDKTESSTESVIVNKESSESINESSTESPMIEKETANTLIPNVPTNMESESTTPMMLSETTLPNNEMASNDESLPVIPLISDIEQTMTSNHSFSDDHSESSVTVVGTTMMENNEEKVTTSNPIEMDKNEQITETTNMPQDETTIYTTMSINNDETMNSSSESSSISSISSSDPQSLVPEIESTTNSEITSPNTVTDTKSESTTESNPVAESNSTEMDNEESKSQNTLAPSNESTMETESPSRDSTNETNVIEHMPTTVFPKLPKNFGHNVEPLIEPLVNDTEEHIMLIPKTEHTTEVVHDPHAIIPQLIPEQSVQSLSNGSSTNSQDSSRSKIPSSTEVVETTLHRSTVRPDENAVSPSDSVRYEENLDHSTNHPLHPAMFPENTVEHATEKFDSAYDKHADDMSPFLPDVQKEKEVKKAPRLDKDEQDVPNPFEDHVEDVITDKPPPETSPSTERNTNETELKDSLNDIHDVVRDNAKSDERNEIGRGFKSDGLDAVESNDTESGIQNGLLLTYDADKSARNEEHRVSIENESGTASEEDEEALKVVPLEEQFKEIETTVKYDSSKDKSEITEAGPVIGEEERSKDNVTVQASSEKPEENAVEDQYNDINDDSLSKGYQQDDTEVQSKRIKDGSNELVNGKSFNADESRGVNDTTNVTAMNDTEDALAMIGNIPDRHPEDAKLTTQIPVLPLEIQQEMSTTEKVESTTVTEENPRKDNGTEHVEDGTTVQVPTTHVMSMETKTTAQVPILPEELQTTENDALLTTSTMRSDIETKTGNLENVSSERKETLDTNDNGTRVINSGGQMNSQNDTVNDSMENMGNKSNALQGNVVSMLDNTSEENSSAPTTTSIEENTKENATESSTLEPSPSTSNNETATESQRTSETSSTTENVKPVIEILDDDTVPIRFDYKTHFIMTTPKANLNMGDLTEEDLKVIPLEKNLDVKKKSTDKKVIDKYKYKKEKELNLEENEGENALTDVPELSSTETPQTVGEIKEEAITATIDKEENSVPKLKIIETTSGSNQTEVRSSMANENLGGRTSITVPDAAKKYPSFIPVSEKIIEPEFVTEPFVPLRNLHHFHRSDGVATEHPSVTNESSNEGHTTMEPVTTLDNEKINETESPFVPSITTIPVSSIQTKLPETVTVEATSHIDVSFLNLPPSAVFSKCAAGQFQCVNGTSRDGAYCVKLSAKCDSENDCSDGSDELNCEGCPGNFKCDSGQCLKRDLVCNKIVDCDDGSDEKNCEEWKCQFDEFRCPSGRCIPGIWQCDGRPDCEDHRDEYNCAESCGNDEYLCPTEKWCIPLTWHCNGVDECANGEDENLCDCGLDQFKCQTGGCVPENQVCDGIEHCPDHSDEWGCLSGANVTAEKRFGTDGQKEDNAGSIGGQESSSPLLKVRQYNGEYRLVCSDGWSEEFSTSYCQSLGFAGSESTEFQTRDKTQKIFRLKANPNHHAPLVTNLEQVEFCVSDKVVQVTCQEFSCGSDYGEGPTARLVGGTPASEGQWSSVALLKEPKLGAACTASILGPMHVLASYSCIHRYKQSNGWQLFTGENLLKAHPVRNIIPYPQVKYNQFLYNNDIALVELEKPLTFSRNVSAICLPKHPIQQFQPRQICVMAGWGFSVNGEVDLQKYLNFLPLPTYDIEECNATTHYAGFITKDNICAGFTDTNKGPCYNDEGAPLMCESGGGSVRWEIQGLLSHHSRCSRGHPAIYSSVEPALSWLRNSVPALQTQS	000000000000000000000000000000000000000000000000000000000000000000000000000000000000000000000000000000000000000000000000000000000000000000000000000000000000000000000000000000000000000000000000000000000000000000000000000000000000000000000000000000000000000000000000000000000000000000000000000000000000000000000000000000000000000000000000000000000000000000000000000000000000000000000000000000000000000000000000000000000000000000000000000000000000000000000000000000000000000000000000000000000000000000000000000000000000000000000000000000000000000000000000000000000000000000000000000000000000000000000000000000000000000000000000000000000000000000001000001000001001111101111101111101111100111101111101111101111101111101111101111101111101111111111101111101111101111101111101111101111111111111111101111111111111111111111111111111111101111111111111111000100000000000000000000000000000000000000000000000000000000000000000000000000000000000000000000000000000000000000000000000000000000000000000000000000000000000000000000000000000000000000000000000000000000000000000000000000000000000000000000000000000000000000000000000000000000000000000000000000000000000000000000000000000000000000000000000000000000000000000000000000000000000000000000000000000000000000000000000000000000000000000000000000000000000000000000000000000000000000000000000000000000000000000000000000000000000000000000000000000000000000000000000000000000000000000000000000000000000000000000000000000000000000000000000000000000000000000000000000000000000000000000000000000000000000000000000000000000000000000000000000000000000000000000000000000000000000000000000000000000000000000000000000000000000000000000000000000000000000000000000000000000000000000000000000000000000000000000000000000000000000000000000000000000000000000000000000000000000000000000000000000000000000000000000000000000000000000000000000000000000000000000000000000000000000000000000000000000000000000000000000000000000000000000000000000000000000000000000000000000000000000000000000000000000000000000000000000000000000000000000000000000000000000000000000000000000000000000000000000000000000000000000000000000000000000000000000000000000000000000000000000000000000000000000000000000000000000000000000000000000000000000000000000000000000000000000000000000000000000000000000000000000000000000000000000000000000000000000000000000000000000000000000000000000000000000000000000000000000000000000000000000000000000000000000000000000000000000000000000000000000000000000000000000000000000000000000000000000000000000000000000000000000000000000000000000000000000000000000000000000000000000000000000000000000000000000000000000000000000000000000000000000000000000000000000000000000000000000000000000000000000000000000000000
KAG6797670.1	KAG6797670.1 hypothetical protein HZU73_06990 [Apis mellifera caucasica]	MSSSTRTMIMSGLILLVLAVVSFREVQGHVALTFPRARKYDLDFLDNARTPGPCGMPRGDIKTSLLSGSNFNVTWHLAYPHRGGFRLQILDALDRPLIDLTPVTKNSEFVEDDATAQNYAVQLPQNFTCTDCTIRLLREAEEWGSSYRFWSCADIDIIDRKTYREDCSGHGRYLLGRCRCDRLYHGIRCEFKEECLDDSDCGIQGTCINNGGTTAPTKQCYCNIGWFGPGCAKRSPIKTIDVELDIYTMKKFSDNFTFYWRILKESKELEGIMVVNGTNWVGVGWRPSNLMPTCRSFPDIQEHPKGEPLPRPEPKAEPEPKTEPKPESEPEPKSEPEPEPKSEPKPEPEPEPEPKPEPEPEPEPEPESGIERSGTRRRSAKVHDIASVTSTLQSDTDVTVQTSVTYRVSTKQGRKKRSPESTGISTNGEFIAEPSTVDNTSEPISEPEPKSEPEPSPELEPKFKLKSTSVPEPIFKPESESEPNSEPEPKSEPEPSSEPEPKSEPEPEPKSEPEPKSEPEPSSEPEPKSEQEPKSEPEPSSEPTSEPEPISSPKSSATKAILPKTHKYTPKHDFNPMDCTDIIIGSARGNSHRIGDYYTRDRSTPRKDEYWGGRDTLTAAMGFERDGVTTILFRRKLATNEPTDYEIIDGNMQVIWAKGQESGKYIHHPPSGIEKAKISVKDFYKADELKYHGHGEQRGTVTLNFFDEKKKQEMISEDGVPMPISNCSGEWHYPKHCSSINGTCEYSIQWTYKGRKDQLSFVISTTNTNVWTGVGFSDDDKMSQTDAILGWVDEKSGRAFLMDTWISGYNAPLLDPSQDIYNTGGSKVDGVTTLKFSRKRITKDNRDLSFTDDHCLYMMYPVKGGIFNAVSKKIRKHDAVPIVSAERICIKSCGLEEFEDLTTPAPPRLYYDVEVKLINLGDGFTAPIPGSSDFEVISNTISDSFGPVFNKLPGYYQIRLVELQKDDDQNGVIARMDLILDKNEIKGRSLKPIDTSAAAEKALKEALITGKVGALNVDPQYMFIRAPRVNDVGGGDANEESSITSNLFLDSTKLYIVVGCVAALLALVLLQASCTLYRSSRRRATKDRLIANNAWKDYASGANTNFAFEAFETEEKAPPPPVSSLPRHREMTGNGIGTDTVEGPNRIIGPRATYSLPRAPGSRHTAPIQPGYYTQDRRDHYQRSKNNMHNLTSGGVSTQPNQPDFYFMPSQRKYSGEVVRVYVDYGSQAPK	0000000000000000000000000000000000000000000000000000000000000000000000000000000000000000000000000000000000000000000000000000000000000000000000000000000000000000000000000000000000000000000000000000000000000000000000000000000000000000000000000000000000000000000000000000000000000000000000000000000000000000100000100101100001011101111111111111010000000000000000000000000000000000000000000000000000000000000000000000000000000000000000000000000000000000000000000000000000000000000000000001111011111111111110111110101110001100111111111011111011100000000000000000000000000000000000000000000000000000000000000000000000000000000000000000000000000000000000000000000000000000000000000000000000000000000000000000000000000000000000000000000000000000000000000000000000000000000000000000000000000000000000000000000000000000000000000000000000000000000000000000000000000000000000000000000000000000000000000000000000000000000000000000000000000000000000000000000000000000000000000000000000000000000000000000000000000000000000000000000000000000000000000000000000000000000000000000000000000000000000000000000000000000000000000000000000000000000000000000000000000000000000000000000000000000000000000000000000000000000000000000000000000000000000000000000
KAG6801883.1	KAG6801883.1 hypothetical protein HZU73_02669 [Apis mellifera caucasica]	MARDRCGSEYSENMSDVTTCSCTTSSADKCSLRGCGMFQEPFFLHPPGSRPRDGIYINPMSAYISEPVKPKDTESFYLHSPHDLVYTRITRLFADTEKHRHFEKKDETLTVSVPVKVDVHFNNGVLDRPLNENGYTNKSEMGQEPSEHAYEQICLRQDSDTGGIVSSSQKKLDNTSDRSRSRKTDRRYSRSSSASESSNISSEIPCFSSSASTPSLSRNSSNERVGKNGKLSIESSYEKENSTKSSQVESEKEIKPVNGGANFAKPPPPPPPPPLPDKEDIVVLMVNTKQNAELTAKEEKRDASGDANRNGRSENGSVPSTAINKSDVSCGERQQPEVPPASPPADTEEIKTSQTAHLVNKHMVLPFIPPKFANADSNTLLKPSEYLKSICKVSTKSNLLKARSVDNLDIQSRSGDRRENCIRSEGIEDQEPEILVVAATEGERERRGVEEEERIIVEEEKELTAGPPPPPMSPLQKLRRTNEESGMIANVDLESPKTPQPLATISIQDLTSIQLRRTTTKMNATKTFSAPPPRSVSMTNVSESFFIQKTDLIAELKRTKDIPGIKKLKVEMAQVEKTQEQNLMSEINKVFNVSNFVDQIPEKDSSGNVIPIWKRQMLARKAAERAKKELEEQIARENEERRQKAIPAWKRQLLAKKDNEEKRLSQAHVMPTFKVDATPSPRRDVSPSPNPSNPSNPPNPSNPQNPPNPPNPPRTHRHEEKSEAEEKKEDTNISNRGPYATQANQMDDDTQIIPWRAQLRKTTSKLNILD	00000000000000000000000000000000000000000000000000000000000000000000000000000000000000000000000000000000000000000000000000000000000000000000000000000000000000000000000000000000000000000000000000000000000000000000000000000000000000000000000000000000000000000000000000000000000000000000000000000000000000000000000000000000000000000000000000000000000000000000000000000000000000000000000000000000000000000000000000000000000000000000000000000000000000000000000000000000000000000000000000000000000000000000000000000000000000000000000000000000000000000000000000000000000000000000000000000000000000000000000000000000000000000000000000000000000000000000000000000000000000000000000000000000000010011111111111111111111111111111111100000000000000000000000000000000000000000000000000
KAG6795779.1	KAG6795779.1 collagen alpha-2(IV) chain-like [Apis mellifera caucasica]	MPVTMGQPGYPGKPGIGAYPGQPGQSGYPGQPGSSDSPEKPGQPGQPGTPGMPGIPGTPGTPGIPGTPSQSGYPGKPGSPGKPGQPGHPGIPGTPGTPGIPGTPSQPGYPGQPGSPGKPGQPGYPGIPGTPGTAGIPGTPPQPGYPGQPGSSGKPGQPGHPGTPGIPGTPPKPGYPGQPGSPGTPGTPGTPGYPGQPSSPGSPGIPGTPPQPGYPGQPGHPGTPGTPGTPGIPGTPPQPGYPGQPGSPGKPGQPGYPGIPGTPGTPGIPGTPPQPGYPGQPGSSGKPGQPGHPGTPGIPGTPPKPGYPGQPGSPGTPGTPGTPGYPGQPSSPGSPGIPGTPPQPGYPGQPGHPGTPGTPGTPGIPGTPPQPGYPGQPGSSGKPGQPGHPGTPGIPGTPPKPGYPGQPGSPGTPGTPGTPGYPGQPSSPGSPGIPGTPPQPGYPGQPGHPGTPGTPGTPGIPGTPPQPGYPGQPGSPGKPGQPGHPGTPGTPGTPGIPGTPPQPEYPGQPGSPGKPGQPGYPGKPGTPGTPGYPGQPGSPGSPGIPGTQPQPGYPGQPGHPGTPGTPGTPGIPGTAPQPGYPGQPGSPGKPGQPGHPGTSGTPGIPGIPGTPPQPGYPGQPGSLGKPGQPGHPGTPGTPGTPGIAGTPPRPGYPGQSGSAGKPGQPGHLGTAGTPGTPGIPGTPAQSGYPGQPGSLGKPGQPGHPETPGTPGTPGIPGTPPQPGYPGHPGTPGTPGTPGTPGTPGIPGTPPQPGYPGQPGHPGTPGTPGTSGIPGTPPQPGYPGQPGHPGTPGTPGKPGIPGTPPQPGYPGQPGHPGTPGTPGTPGIPGTPPQPGYPGHPGTPGTPGTPGTPGTPGIPGTPGKPGIPGTPPQPGYPGQPGHPGTPGTPGTPGIPGTPPQPGYPGHPGTPGTPGTPGTPGTPGIPGTPGKPGIPGTPPQPGYPGQPGHPGTPGTPGTPGIPGTPPQPGYPGQPGHPGTPGTPGTPGIPGTPPQPGYPGHPGTPGTPGTPGTPGTPGIPGTPPQPGYPGQPGHPGTPGTPGTPGIPGTPPQPGYPGQPGHPGTPGIPGSPGIPGTPPQPGYPGQPGHPGTPGIPGSPGIPGTPPQPGYPGQPGHPGTPGTPGKPGISGTPPQPGYPGQPGHPGTPGIPGTPPQPGYPGQPGHPGTPGTPGTPGIPGTPPQLGYPGQPGSPGKPGQPGHPGIPGTPPQPGYPGQPGHPGTPGTPETPGIPGTPPQPGYPGQPGHPGTPGTPGTPGIPGTPPQPGYPGQPGHPGTPGIPGTPTQPGYPGQPGYPSKPGTPGQPGYPGYPGQPGIPGQSGQPGYPGMPATPGIPATPGISGSPTQPGYPSQPETPGYPSKPEQSGYPGYPGISGQPGYPGTPGIPGAPGIPGTPTQPGYPHQPGILGPPGIPGTSGQPGIPGRPGTPGISGTFPQPGYPGQPGTPGSPGISGTPPQSGYPGQQGSPGKPGQSGYPATPGTPGTPGISSIPGTSQPGYPGQPGTLGKPGQPGYPGTPGTPGIPGIPGTPSQPGYPGQPGSVGKPGHPGIPGSPGIPGIPGIPPQLGYPGQPGTPGKPGQPGYPGTPGTPGISSIPGTSQPGYPGQPGTPGKPGQPGYPGTPGTPGIPGIPGTPSQPGYPGQSGSAGKPGHPGIPGSPGIPGIPGIPPQPGYPGQPGTPGKPGQPGYPGTPGAPGIPGTPAIPPQPGHPGTPGTPGIPGIPGTPGIPGTSPQPGYPGKPGQPGHPGIPGIPGTPPQPGYPAQPGSPGKPGQPGHPGTPGTPGTPGIPGRPGHPGYPGIPGRPGIPGTPPQIGYPSQPGSPGQPGQSETSKPPGIPPYPPHPEYPSTTGIPGRPGIPGSPGYPGTPGIPGIPGKPGKPGKPSKPGHHGYPGSSKPGQPEYPPYPGYPLAPGGPSGGIGPNGPNGPWPNGSDGPQGPGGPEGPGGPEGPGGPEGPGGHEGPVGGVGGIGGDGPPGPDGPWPTGSPGPDGPWPGDPDYVPGVAPTTRPRYEKPIKVQYPIKYYEPTTPTTVDNHPFFGQKQVDRLSSKYNSEYINNHTLDKNYEKNVESTVLAYPTKISRPFGLKDAQFKKNQSRTRDYQSEQVNQNADEINSLMYTRRKESRKYEEEEEQSKYKDVQKVISETSRTTAGVKYPNRGRFQGSRENRKYPQEVTKLSEPVIQLETDRGQQANVKYQSSNGNHIAFAKQVNQLSEQSIESKPELAAIGVHPPNTINIKPYQQSIGPDPQTCPCYLVEPTNNTATITSTTSIPLIGQLGFIPVVFIPYCPGDDVTDSTQNMKDMFPSAMPVPYACDACDSQNGRVETKLVSLNQLGNIENLREALRQAKLGFLNVSAHGQIERRRAKLRNVK	000000000000000000000000000000000000000000000000000000000000000000000000000000000000000000000000000000001000000000000000000000000000000000000000000000000000000000010000100000000001000000000000000000000000010000000000000000000000000000011111001000000000000000000001010000000000000000000000000000010000100000000001000000000000000000000000010000000000000000000000000000000000000000000000000000010000100000000001000000000000000000000000010000000000000000000000000000011111111000000000000000000000010000010010000010100000011111111111010001000001000000000000000000000000000000000001011000000000000000000000000000000000000000000000000000000000000000000000000000000000000000000000000000000000000000000000000000000000000000000000000000000000000000000000000000000000000000000000000000000000000000000100001010011000000000000000000000000000000000000000000000011000000000001000011000000000000000000000000000000000000000000000011000000000001000011000000000000000000000000010000000000000000000000000000000000000000000000000000000000000000000000000000000000010000000000000000000000000010000000000000000000000000010000000011000000000000000000000000000000000000010000000000000000000000000000000000000000000000000010111000000000000000000000000000000000000000000000000000010000000000000000000000000000000000001011001000000000000000000000000000000000000000000000000000000000000000000000000000000000000000000000000000000000000000000000000000000000000000000000000000000000000000000000000000000000000000000000000000000000000000000000000000000000000000000000000000000000000000000000000000000000000000000000000000000000000000000000000000000000000000000000000000000000000000000000000000101000000000000000000000000000000000000000000000010000000000000000000000000000000000000000000000000000000000111100101000100000000000000000000000000000000000000000000000000000000000000000000000000010000000000000000000000000000000000000000000000000000000000000000000000000000000000000000000000000000000000000000000000000000000000000000000000000000000000000000000000000000000000000000000000000000000000000000000000000000000000000000000000000000000000000000000000000000000000000000000000000000000000000000000000000000000000000000000000000000000000000000000000000000000000000000000000000000000000000000000000000000000000000000000000000000000000000000000000000000000000000000000000000000000000000000000000
KAG6799038.1	KAG6799038.1 extensin-like [Apis mellifera caucasica]	MDAVFVLLFSMIATISCQSPNGQYQSPQQAAILSDARYLAGDGTFGAAYSQEDGVEFKEESDVYGNRRGSYSYVDPTGQRRTVTYTAGKNGFQATGDGIPVPPPQAPPQPEYVPLPQYNPPDYQPPRYTPSSQQYQQRSQPVYEVQPEPQPQPQFQPRPAYQPQPQQYQPRPPQPPPEIQSIPSYNSQPQYQPPPRPLPQYNAITTPPPRRFYPPGKLNFNRTPDGYSYTFSKS	000000000000000000000000000000000000000000000000000000000000000000000000000000000000000000000000000000000000000000000000000000000000000000000000000000000001101111000000000000000000000000000000000000000000000000000000000000000000000000
KAG6803735.1	KAG6803735.1 hypothetical protein HZU73_00893 [Apis mellifera caucasica]	METSTDNSPITKVGSDEPISFKVCSLKRSKSVGNVIEQNDRNELFMRRSNSLQSLDHLTNRLKSADRIDALQESIDPQRPEEDIVEDIMDDSEPEAMIVDIEDVIEETASPLERVQPHQTPVYSVAASETTSIAVPLGTVTSSHEPSPVFLIEIEENSDSKRWESKKWNRRKSVSSEDSLSLEQSEMAKSWDNERNSSSNVDSEHWSSASSWSKRETFDAKENVDNSDRELDKDSVKSNSSIYSTDVDTEFNVVNEGKEQNQVNFEREDVSVTLPEKKDALERNLKESDDASNEKEGQQQELAAKEKRMEHFLNDYNELSNGSRPDRVKSASAGMINVDPDTFVRLTETSRGCESLPRSISKQPQPLGSLAKIVNKLKFARLIRGKDAQEENMSTISKLCRQSLLIDVRNDFDKCWESDDREKVPRAGSVEKNKRNE	00000000000000000000000000000000000000000000000000000000000000000000000000000000000000000000000001001111111100000000000000000000000000000000000000000000000000000000000000000000000000000000000000000000000000000000000000000000000000000000000000000000000000000000000000000000000000000000000000000000000000000000000000000000000000000000000000000000000000000000000000000000000000000000000000000000000000000000000000000000000000000000000000000
KAG6798734.1	KAG6798734.1 rho GTPase-activating protein 44 isoform X1 [Apis mellifera caucasica]	MKKQFFRVKQLADQTFSRAGKTEVLTDDLQAADKHVDQIRLALIGLNKRLGNLPNQTMTQDSALKEKRLKKCPEYILGQTMLENAPEDGLMGFTLLECGRAQMHLANEAIEHETKVEQYVAIPLQHILDTDVPNILKHKRNLARLILDMDSVRTRYQQASKHSASSGATKVDNLREELEEAETKVEQCRDQLAAEMFQLMSRETELAHTIIQYIKLQRAYHESALHCLEDLIPGLESYINDNEMKPVYGYPLEEHLRVTNRKIALPIQLCVSALLRLGMEEEGLFRIAGAASKSRRIKLSLDACCLTLPTALEYKDPHVIAGALKSYLRELPEPLLTYKLYPEWMAAAKITQNETRLRALWEVLHKLPSANLENLRFLIKFLAVLTKNQDVNKMSPQNIAIVIAPNLIWSPQEDVNTMVMNMSTANNSSLIVDQLITYADWFFPGEIDFDRDLEVGIINGSENQNTNIRRCISNSSLSDHGESPPQGSPKPATRRKNKPAPTPPNNTTPDKHDKKSDDKPPPTPDKPPRPLTSATLNRKIQKHETINIESIIKHDNNIEKQDGSSEIEGKQCNETNVLDSSSFNYSECINEIQEDLHNANIETEKINQETQRYEKKIIPIALERNTIENILCNKSGIMELENSENSTHKLKIIPIERSLPSTIERRRPIAAPRSITNIVHNTEEIVELRKKSDNNPICTSTLDRSSKPAIPERPAGLIRPSSLIKQQPRHSNENLDSETGPLTLERAHVYSVDKQQVSIIQVRGNGNVFCTSGNNNGNAASNLQRSPSVGSRPSSMSLYGERPEKPAKLNAPEQTKAHVRTRSEGNIIDVQTQTETVVVVKTSPPQPVPASPRFHQRPPRPQPPPPPPPTIRIKSEHESTNL	000000000000000000000000000000000000000000000000000000000000000000000000000000000000000000000000000000000000000000000000000000000000000000000000000000000000000000000000000000000000000000000000000000000000000000000000000000000000000000000000000000000000000000000000000000000000000000000000000000000000000000000000000000000000000000000000000000000000000000000000000000000000000000000000000000000000000000000000000000000000000000000000000000000000000000000000000000000000000000000000000000000000000000000000000000000010000000000000000000000000000000000000000000000000000000000000000000000000000000000000000000000000000000000000000000000000000000000000000000000000000000000000000000000000000000000000000000000000000000000000000000000000000000000000000000000000000000000000000000000000000000000000000000000000000000000000000000000000000000000000000001111111111001001101100100000000000000
KAG6796105.1	KAG6796105.1 hypothetical protein HZU73_08745 [Apis mellifera caucasica]	MVGGKSKRRKEIGRGRASKRGREKRREVPLDEEPILRSLYKPTHEAREVSSLAHGAHLASSLPSPPPPPPPPPSPLYHHHHHHQPPPPPTTTIAATVVVLVVVVVVVVVVVIVVVVVVVVVIVESHYYHRYHYRHCHRPATFRSVNSIYARFDRYSCTTTTITIGESHQPPPSSLLLPPPPLPLPLPPLPPLPS	00000000000000000000000000000000000000000000000000000000000000000000000000000000000000000000000000000000000000000000000000000000000000000000000000000000000000000000000000000000000000000000000111
KAG6801202.1	KAG6801202.1 MAGE-like protein 2 [Apis mellifera caucasica]	MNHIIAFLALALASGIVSAGYIDEDHGSSTYEEKTKPVEIPIYKKYAIPIPHPVPVEIPQKIEIPIPQPQKVPVEIPHPYPVEVVKHVEVPIEKPEPVIVEKHVPFVVEKPYPVYVEKKFPIPVAKPYPVHVPVYKHVFHYTSKGKGWH	00000000000000000000000000000000000000000000000000000000000000000010000000000000100000000000000000000000000000000000000000000000000000000000000000000
KAG6802785.1	KAG6802785.1 hypothetical protein HZU73_01620 [Apis mellifera caucasica]	MSFVLQLGTVETSLEKNSDNSPSSSMNQETSNIAVTGNDDTGKPQILQCLESSAEISAGHVISFSTVKSVSVTYPMAKAVREVQRITGSQTNTTQVLSTRVISQKVPSSIHQTQSAPLTLNASSNVTHIPVNAQSLPSPGSGMAHVYPLQHAVSTQSKQQTRNQTVTCESKQQQQTTISSLQTNMPLKVQPVSSQLVVSNNAVRAITTATSLPNIQRIHVKAQNIVGQAQTVNLQKVKAVTNVSQGVTVQRNSVPRIQTVQKTQVSTVTSQSTQFAVNQVTNNANVQRAQQGNPTLQKAQTNTVSTQKVAQIYNNQKMSSQMLNSHPNHKAQLQQITSNQQQGLQKIQVQSQKTVTVPRQQSNTTAGNNVQKSNNSVAGIQKVQVVGQVQCQQQLPQVQKHVQQVQPSQHQRSQSTAALQKSQTVATVNSNRVQSISNVCKSNSVPNITKTSQNANLLTVNKQPIISQPQQSQQVHIQNSSQLQQQLLQQTSQQQSQQQMVQKQPQQQQTNTNLQTQRSHNITNVHQKVATIATIPNNQRTQVVNSKIQQQQMVMRVGVPKNQTQNLQSNLKNVPQKITNTVKNSNSQNVVQQSLHRNTNVQPVKIIQQQQNVIGPQNAQKQPGCIKTIPPQKPAQRNHTQKVAGIKTSLNTNVASVKNQGSTTAVAQKASIKTLLPQQTVATNMLLHKNQPIKIQQQTIQQKQLITSSQFPQQIRQQSGQVKTLLPVTSMDTRKDIENKTESELRESKEDERQQRPTTPIIRIPPPYEYVLQDHNYGAPPPRTPSPPSPPSHPKQPNGGGNSTATSQHSYIYGKVVTGTNVDDDAASVISSETGRDAELEGEETETAPEGEGDDEDSVTRCICDFEHDDGYMICCDRCLVWQHVDCMGIDRSNIPDEYLCEICRPRRVDRQRARALQMRKREELLNSDTSSDTSSTSSADTDVGVNTIPKKRTIQQQIPRRKSEPPQVRRLNNNNNNNNNNVAKRQRRDSHPRQSSTVRKKETTKRGPGKRKAKRRMSLEDKEEEAQDTWSSNVAPLRQWIERYEEAVTNHYSPELRARISSIKVNGTHSDLRQNNMNVIATGKYRLNVHSNNVRFLVATMYLPPNTPVVELRGKYMLSTQHRPSYPQGRQHTQRPGPFVFFYRLPRDGTEVCVDTRTYGNDARFVRRSCKPNAEVKHCIEKGTLHLYIVTTTAIEKNAEITIRHEQHDLLLSPNPNSSMIPIVCACNNPRECQIVSLNQLNRRGSNGALAENADGRERRRRGRRNTICEDSDSSTVMSNSTIIAQPAPPPTTVSSVSAPPRRTVTTTIASNTMRQLSKEESLTVVQQPQTSPNLSQSIPSEIKKDKKKMTREERKMEAIMKAFERLEKAEQRKQEVQARNAQRKESGGTHSDNEDSHSLTMQSKQKQQNSDRPLRRKRKKGRARTTSTSQSQGTSRRTRLNSADSDESSGEESNSMQSPPLLSQNHSQNRDTPYSSYLNTPAKNTNENVTTPAHQGIPTAAGLLLALANSNAPGPNSPPLQQPTPVKSPTCDSGASSSSQSSTPSTPLSSACLLVAAAVGPLAPGFKFPKTKKVLMNEWLKESPDPSQSNISQMSPLPALPPASTSNSINSLCRSDFSLPTDTSAEFLTQSYAAKSLATLVQAANSVSGICDSPPQRKQAISGNTVCPVSTGSAKKRWLRQAISEECDSPNSRPDSPPTSEMVAPPKKRRIARESLSSDNYTPPTTPTMLIPESTPNNRSLCPNEDDFIEHLQSSLIEQNDERHMTTESIKQEIVSHVNSDETVRQKLSIDIPQDFQVKTIKSEKHIMQMNTSLVKEENIGIKKEKNIEMDCDTYMHLESKPFVKDELRSIKNEFVNNQKDKSKEEYIIKKEENSNIEKGTVEIIDQNEGDTEMEDFSSPIAVMESDAILKQRVAEMRLEYGGGINEIVKVEDDKCDDDKRSEDIKCEIKSDDNMSIDEFDVEAQMKKITGDDGNDYKEKVDTSSEKDKSMDGIEGLMESSKEDSESEDKEMDDVKYEPSFKSFNLNHEEKLFKEFESKPDPDPDPDPDPDPDPEPDPDPDPDPDPDPDPDPDPDPDPDPDRDPDPDPDPDPDPDPDPDPDPDPDPDPDPDPDPNPDPDPDPDPDPDPDPSMENSIKEIEQIQESQKIEQPSTFVTSSEESIFESASSNMDTESIVEPPKIFHSIPPLSERIRKKTETTNASKSQLNFEAAIIESTINMETEDESKNGEEKSILSTALRELLEAKLDDLTPNDAKEEIANTEENNITYIESKSENSEQNIEIQESVLKSSQNIHNEEIPIKEEEVPPKEIKRLKDPRTVVPNSMPAPTFKPETIPPVKRKLSISEYRKRKQQSSGTPPEPEPSSDSTTDKSGARGRSDSASSGTSSLSSDEEGGEEGTIGWSAAPTLVERQRENLTERLKREFGLFLSDDEEERARKHGLTAEAILKARKASPPHPNVSNTPPGYPLPQLPPQPYIPPPGSAPIHYPQFQAKPCSVQYPNFTVPQNTSQPVYANATPQTSANKQAQQFLIPQASQAPPGSNPYPPQFIPPSTTAVSISKYTSVTPPSGNQIYPTTGQSQKQFYNHPASRS	000000000000000000000000000000000000000000000000000000000000000000000000000000000000000000000000000000000000000000000000000000000000000000000000000000000000000000000000000000000000000000000000000000000000000000000000000000000000000000000000000000000000000000000000000000000000000000000000000000000000000000000000000000000000000000000000000000000000000000000000000000000000000000000000000000000000000000000000000000000000000000000000000000000000000000000000000000000000000000000000000000000000000000000000000000000000000000000000000000000000000000000000000000000000000000000000000000000000000000000000000000000000000000000000000000000000000000000000000000000000000000000000000000000000000000000000000000000000000000000000000000000000000000000000000000000000000000000000000000000000000000000000000000000000000000000000000000000000000000000000000000000000000000000000000000000000000000000000000000000000000000000000000000000000000000000000000000000000000000000000000000000000000000000000000000000000000000000000000000000000000000000000000000000000000000000000000000000000000000000000000000000000000000000000000000000000000000000000000000000000000000000000000000000000000000000000000000000000000000000000000000000000000000000000000000000000000000000000000000000000000000000000000000000000000000000000000000000000000000000000000000000000000000000000000000000000000000000000000000000000000000000000000000000000000000000000000000000000000000000000000000000000000000000000000000000000000000000000000000000000000000000000000000000000000000000000000000000000000000000000000000000000000000000000000000000000000000000000000000000000000000000000000000000000000000000000000000000000000000000000000000000000000000000000000000000000000000000000000000000000000000000000000000000000000000000000000000000000000000000000000000000000000000000000000000000000000000000000000000000000000000000000000000000000000000000000000000000000000000000000000000000000000000000000000000000000000000000000000000000000000000000000000000000000000000000000000000000000000000000000000000000000000000000000000000011111111111111111111111101111000000000000000000000000000000000000000000000000000000000000000000000000000000000000000000000000000000000000000000000000000000000000000000000000000000000000000000000000000000000000000000000000000000000000000000000000000000000000000000000000000000000000000000000000000000000000000000000000000000000000000000000000000000000000000000000000000000000000000000000000000000000000000000000000000000000000000000000000000000000000000000000000000000000000000000000000000000000000000000000000000000000000
KAG6801241.1	KAG6801241.1 Zinc finger12B [Apis mellifera caucasica]	MVKVLVYKQLPFLFALAVVAARASHFSSLEGHGLHSSEPKLISQSVHLKEIPTKIIKVTKTAVVKVPVPYPVKVPHHIPVPVPVNHPIAVPYTKLVKVQEHVPVEVSRPVPIEIHQQVPVVVPKAVPVPQPIPVPHPVTVNKPVFYPIPHPIPYQASHSEGGIGGGAGGYDSGDHEGHESESYSSYTVNQHGHEQDVQGGHFQPSQPDYGSHH	000000000000000000000000000000000000000000000000000000000000000000000000000000000000000000000000000000000000000000000000100000000000001000000000000000000000000000000000000000000000000000000000000000000000000000000
KAG6797965.1	KAG6797965.1 UPF0193 protein EVG1 [Apis mellifera caucasica]	MDRKYQKVEMGVGAFHHPPRARYSEETKNLMKLLMQESKISMMKRKSIQEAINKGESLPPVMEKSKMEANKHNLQYQVLMPTVWKKRSKDMIVNSGAYEREQYRRLSPLRNKEKQKRHLASMMAYGKDIETPRESKILHKTRRESYISDNDPIDDLVRGIQERMEFLSDMECLGMGKKYRPIIQQEVAHKLRLIESIDKQKCKEIRKEMKEFEKPLPKPFPLGQLDEN	000000000000000000000000000000000000000000000000000000000000000000000000000000000000000000000000000000000000000000000000000000000000000000000000000000000000000000000000000000000000000000000000000000000000000000000000000001000001
KAG6800871.1	KAG6800871.1 protein grainyhead isoform X1 [Apis mellifera caucasica]	MSTCTDEADNAPLHMQEALSPVQEGPVSPASSSLSNQNQNESEQQVLLATMQPVNVLDLHEPATVHSLHPKYHHHHHRHHHHHHHHHHQQQQHIQPDPDDVQQRGDDPDGRVTPGADPAAANTTLGVGEHKMIDLIYNDGQKTVMYTHDKEIIYENEADRVQVVEYPPPPPSPPSPSPPSAVTRAGLLPPACVTPRSGSATALHLHHYPQLQLQHEDDLPPGVRHAVNATVPNCGAATTTTTVLVLSELVAADPAAGAAAAQQLTLTAAAAAASLRAGRRSRGEEDTSGVEENSQQQQQASYVGGGQRDTEEEEELGAEEAAAQAAQSLQSGAEGADPEVHKRVAAVQVQVQGMEGDWRTYCEHPLSVATAAMLNLQQQHQVSAVASHGDDPAPYVYEYYKLPDKNADVKLPPTHELWSTGVMGQKLLVQEAPGSGSGSANRMEGGEGAGGGELHHFLHQYNQQSHSPGQSLQGGLPLPLSPQSLRHDGSSSTGIAGVKREPEDLSSSRGAQQSSKRHKQAQPDSPTPPGMYHHHQHQLQVQQYGSPYDPYSSCSPRLQSTTYTSTSATGAANTGNPSGLHQEATAVYVTGDALPPLASSSSSSLSTTTASYTRYEVVPSSYATTHAIRSSSSSSKVLTVDLPSPDSGIGADAVTPRQDHHPPTALHQSSFDYTELCPGGTAAGAAVVLESGAVIHHQPLQLQLQQSHAQAQVQRGALVSSAATNSNPNPNPPRSRPWHDFGRQNDADKIQIPKIFSAYGFKYHLESPISTSQRREDDRITYINKGQFYGITLDYVPDPDKPSLKAGQTVKSVVMLMFREEKSPEDEIKAWQFWHGRQHSVKQRILDADTKNSVGLVGCIEEVAHNAIAVYWNPLESSAKINVAVQCLSTDFSSQKGVKGLPLHIQVDTYEDPPPHTHTYTPPSHRGYCQIKVFCDKGAERKTRDEERRAAKRKMTATGRKKLDELYHSVTERSEFYSMVDLHKPPVLFSPPAEHTIDKFSTMELSGFYGGGGGGGGDTDTSSLSNGEGGGLKAGGSSPYPACGRPSLPALKFHNHFPPDNLTSLHDKKDSLLMQVQELQGSVLQGVQQGLAGTVVSGVGNRLHLQQQPPHLRPTDAEERVMLYVRQESEDVYTPLHVTPPTVQGLLNAIESKYKIASSSINNLYRKNTKGITAKIDDDMIRYYVDEDLFLLEVTHSRVANPDPSNERNPANPGSPGDPGDPSDQPATAGYDVTLIELPSASAHIAHSPLNSAHGHAHVHESGNT	00000000000000000000000000000000000000000000000000000000000000000000000000000000000000000000000000000000000000000000000000000000000000000000000000000000000000000000000000000000000000000000000000000000000000000000000000000000000000000000000000000000000000000000000000000000000000000000000000000000000000000000000000000000000000000000000000000000000000000000000000000000000000000000000000000000000000000000000000000000000000000000000000000000000000000000000000000000000000000000000000000000000000000000000000000000000000000000000000000000000000000000000000000000000000000000000000000000000000000000000000000000000000000000000000000000000000000000000000000000000000000000000000000000000000000000000000000000000000000000000000000000000000000000000000000000000000000000000000000000000000000000000000000000000000000000000000000000000000000000000000000000000000000000000000000000000000000000000000000000000000000000000000000000000000000000000000000000000000000000000000000000000000000000000000000000000000000000000000000000000000000000000000000000000000000000000000000000000000000000000000000000000000000000000000000000000000000000000000000000000000000000000000000000000000000000000000000000000000000000000011111111111000000000000000000000000000000000000000000000000000000
KAG6803905.1	KAG6803905.1 transcription factor SPT20 [Apis mellifera caucasica]	MEKDQPDSLATVAVVSEKMAHPPHSNYAPSEVYSSTEPPPAYMRPKSTAVQIARIAAVTLVTMSVVLGSFILAASWVQARASCTPESIAAMQAELRLQQQQQQPSSVSYQQAEFLKHLQPEALVQDTSDTKEVQQSLAEQTPSKKEAEPDTKDVKVHKENENNSKSDNESGDHDDDDDDYDDDEFPPVHIKLPLQFDFDEIAGTLIQEARSRVSCVVERRRADQVMDGANNNNVENNTDSRYQRLSGERVAILCESGNPHQEQQDQEMLTPIIIPLGTVQVPLQSQEPNPAYHQYQVHTQYQVPDMQQLPLSDPRGLNHIPPGVLPPELRNIPQVTMEMRPPRMGPQTPMMGPQAPAMGPQVEIRRIPIELRHFPANPMRGMRPPMPQEPQQVPLTYQQIEQTSGLYNQEQEPAMMPPPAPQPEAQVHEQRIIPHMLIPQTEQRPLQVQPQMQPQMQPQMQPQMQPQMQPQAQPQPQPQSQSQVTETQRSPFQGIPFEIRRIIQQVPLEIKNIIQHITGEARPIPMQIPEGARRENVQEFKPFPEGAQPIPIGLPLPVEVRNLLEHGNVEGRQRSDSSEQQEAKSFSGPEDDSEEERNLPAEIRTIIGQVVEGNAFPRFALPLRPVESLEIPVEARAEVSDSQSLEQESEQRQQEQQQQQQQQQQQQQQTTHMMMQQQHIQQQIQQQQQEQEEESRPHYVQPRSVRSIPEAFTHRREKRVRRCACDCAC	000000000000000000000000000000000000000000000000000000000000000000000000000000000000000000000000000000000000000000000000000000000000000000000000000000000000000000000000000000000000000000000000000000000000000000000000000000000000000000000000000000000000000000000000000000000000000000000000000000000000000000000000000000000000000000000000000000000000000000000000000000000000000000000000000000000000000000000000000000000000000000000000000000000000000000000010010110110000000000000000000000000000000000000000000000000000000000000000000000000000000000000000000000000000000000000000000000000000000000000000000000000000000000000000000000000000000000000000000000000000000000000000000000000000000000000000000000000000000000000000000000000
KAG6800093.1	KAG6800093.1 basic proline-rich protein [Apis mellifera caucasica]	MSVTFAQRGRPPPNPAQIQKMLDENSQLIQTIQEYQNKGKPQECIQYQQMLHRNLVYLASIADANQNIQALLPPPQGIPNGPQHGMMNPQGLPNAPTGSSGPAGDMPPNSQPTLPMSSFSQGQPMSQGYRGPVMPGQGPAINRPPAAPGPQQYRGPQGYPQQPSQQTYPAQYANQNPGSNYQGPQGSAYTPGQPNQYGPPNTSQQQGYSTSTQPNYGPPTTVNSYGPQPGYPPPGTTQPPTGYGPPPPPNQQGYPPSNPSQQNFPSSGQQQPGQYGSPSPQPNYQQPPSQAPPQNAYGGGQPGNYPPPSSQAYANNVPPQNYPAPPTSSAQPPQAGSQQNTGPQPNYGNQPSPGPGATQYGPASTSPPFSTASASGVNTYAQSSQPTSTPSASTQTYPPNSAPPPTSQGGNYAPPGPTPSGYPVHQTPHPSSHPPHQPPHQSPHQPPHAPHQPPHQPSHQSTHQPPAHQAPHQPQQSQQQSQTPPQSQQQQSQSPAPSGFQPPSGPPQGPAPPPGAGPQPGYGPATTQTYVPPTPGGQPQVYTPHPPQAGQHYGHPQYPQSYPPPPAGQGYPQYPPRPPGGHMPPPPGPQGPPPPNQYGGYGYQPPPQ	00000000000000000000000000000000000000000000000000000000000000000000000000000000000000000000000000000000000000000000000000000000000000000000000000000000000000000000000000000000000000000000000000000000000000000000000000000000000000000000000000000000000000000000000000000000000000000000000000000000000000000000000000000000000000000000000000000000000000000000000000000000000000000000000000000000000000000000000000000000000000000000000000000100100100000100000000000000000000000000000000000000000000000000000000000000000000000000000000000000000000000000000000000000000000000000000000000000000000000000000000000000
KAG6797454.1	KAG6797454.1 hypothetical protein HZU73_07274 [Apis mellifera caucasica]	MPLQAELPSSKAKREQALRSILAARRRQMFSQRPISESRNLNRTPRPFDASSKDAAVDVLEAQETRHGMYVTAAAAGKPADEETSGRVMDGGEATSSRELGDEERGKRIVEQSSTGRTGNVEDLSIGDKSSLSSTTSFSSLVPNQKSSDTSETRGKNTVPMPESLYNYFRPVESNIPVEDMSQFLYFGQKIQPEIQNGTSNNNDTAESTATAPTAANSRRRYSMKRNFGATTPVPVARLEEMINEEMNIAVERQSVEKNKVSKMKNAFRGGENGVYYRKARPAEATIASNVIGTGNGTGGRSDPVAENKFRDDNPSAHVDHGRGSAAAAAAHVAAETWNATNSTQIPGGQPVSVAITRERNGAESETKLKDRATDASNKSKPVSSTVNGVENAKPSKVYPRKRKSNDPVAYLEEETAFSSPRESLEVDGSVIDETSYHRRTTVACRESNNIETSTSREKLVGRPSTEPFRIVWTSPETSTLRIVVTEGRVLDEYTVKPVVDSTEGRVPTSSTLAGSSGIEGARWKGRQKQQQQQQQHGRVEEGSGALAREHERDRDARHREEEQQHQQQHVYAYTITNVTRLLRNYTGPGLSREEQGGREASTGTTEITSGSRREQAEAEAEPRPRPQSQPPPPPPPPLLPPPRGGGAAGIEAGRAPAELSAGTTVEPAAAGGEASAHLVGERQRKVVVAVGAHQSQQQRAVGRAQLQLTAVNKSGPRSAKTAEAYHPRGGVRWSRAKPRSTEIEGLNERRFLRKSASAVLNQRIGAGPEGEEDGAAAGKRRRLTNGQSQRRIKGTRNVDEDSDAARNKSGSIAGDERNSRVGARIEDVTIVNGSGEDMILENATVADTTSGVTMQQRVSFVPSVETETVVDSSGGGGGDGGDGGSGGPLPTTVNATTTDEGGSRKRAEAVSKASAFETKDETVGRASERESVDVASSGGGIGKSGADNGTENGSGSPTVTVTAASDETIVAKETTAPLPAPVFPVTPRMIAKAARDPIETFTSNPTEAPNRITDTKTVAGLVDPSDAEKVHESKDRGITTMTTTAGATASSSIATTEASTTTTITATTAATTTTTTATTTPLPTVQIEISTIAQDQSATTSADSKESRPLDTPSSISAADSDDGDGRRGSGERSPEVRGRNLSDKSQDASTDKDDVLPIMHLYNTSDIFNNSGPVNPFSRGAERRPEHPLPAKQPSEPSRTSEKTSDTITPRNAESWTRGPDTRKGDRHEEVAASNQVPATGPGRGSSNSNGSGNRTRHRTVYHHPILPEYNTSVYPSELNRTLFETGLISVSPRESVNISEVISKRHDGDAIASQETVAVVSYILATLVVFPIAVGVGLILRRLILRNRKVLEESDTSSEISCRKDALNLENGDFKTSIEKAITKLPRIQHLCHEAEKPPPPSSQESRWEFPRDKLRLQTVLGQGNFGQVWKAEADDLTGHQGTTRLVAVKTVKEGASDREKEDLVRELEIMQQLGSHPNVVTLLGCCTEQEPHYLILEYVMYGKLLAYLRDHRTRQDFYNFSEDSAALTSRDLTVFGYCVARGMEYLASKKIIHRDLAARNVLVDHNKLCKIADFGMSRFADGDGEVIETRHGRNALPIRWMAPESLIYSLFTTKTDVWSFGILMWEIVTLGSTPYPDMTAREVMRNVQNGYRLERPSHCRSELFRVISRCWHADPDRRPEFQTLRRDLAQLLEDNMNGHYVDLESFASECTD	000000000000000000000000000000000000000000000000000000000000000000000000000000000000000000000000000000000000000000000000000000000000000000000000000000000000000000000000000000000000000000000000000000000000000000000000000000000000000000000000000000000000000000000000000000000000000000000000000000000000000000000000000000000000000000000000000000000000000000000000000000000000000000000000000000000000000000000000000000000000000000000000000000000000000000000000000000000000000000000000000000000000000000000000000000000000000000000000000000000000000000000000000000000000000000000000000000000000000000000000000000000000000000001101111111100000000000000000000000000000000000000000000000000000000000000000000000000000000000000000000000000000000000000000000000000000000000000000000000000000000000000000000000000000000000000000000000000000000000000000000000000000000000000000000000000000000000000000000000000000000000000000000000000000000000000000000000000000000000000000000000000000000000000000000000000000000000000000000000000000000000000000000000000000000000000000000000000000000000000000000000000000000000000000000000000000000000000000000000000000000000000000000000000000000000000000000000000000000000000000000000000000000000000000000000000000000000000000000000000000000000000000000000000000000000000000000000000000000000000000000000000000000000000000000000000000000000000000000000000000000000000000000000000000000000000000000000000000000000000000000000000000000000000000000000000000000000000000000000000000000000000000000000000000000000000000000000000000000000000000000000000000000000000000000000000000000000000000000000000000000000000000000000000000000000000000000000000000000000000000000000000000000000000000000000000000
KAG6800952.1	KAG6800952.1 INO80 complex subunit D [Apis mellifera caucasica]	MKVPISENSNMDNKLKFSDRLKALLKTEVRQDVDPYIFSEPEPFSTHTTGRNVTVVSSKNSKVMQNCKNNKTKGKCMKQRIRITSVSDAEFKAVQDRAVELDADCNVGGGGNGNGDGEHIDYKFAKAIQQKHHIENLQRLKNRRQSRDHMLLYYPRAGDEISDSDSSGDEMTIYQHYWFSGDNTSTLNRSARLSQLRSQLRRRLLQLHKGGTDSEILLRDRAKCLLEAAYKDPASTARALSGSPSTSKVIDGPLLVGGLCGAEGCQQISLPCTRHCSRHIMLNGDQLLFEHCTAKFSDNTQCCIPVFDVAHELPLCPEHARKRDNYHRKAQESKPKKTRKKPTSPTIPRPKPKSRPKKRKRPPVNKLETNKDSTVIHEENQYLNQINSSENQTKALNNLNTVVQGSSNSANLNLGLGLGLGGGLKVDLGDHEVFPSLDPAEHDFGNVLNNLPADAFNDLFIEGRNGEYEPSREEEEELERALEAVDKDVRNLERMGQTHGLLEPALLAQLMSDIAS	000000000000000000000000000000000000000000000000000000000000000000000000000000000000000000000000000000000000000000000000000000000000000000000000000000000000000000000000000000000000000000000000000000000000000000000000000000000000000000000000000000000000000000000000000000000000000000000000000000000000000000000000000000000000000000000000000011100000000000000000000000000000000000000000000000000000000000000000000000000000000000000000000000000000000000000000000000000000000000000000000000000000000000000000000000000000
KAG6802663.1	KAG6802663.1 titin-like [Apis mellifera caucasica]	MDDEINEWDVSEDMTEDDLDYDTSKIPSSIPGSKVEYSSVHTQNTSVQSNPKENPFSMDEYDTDIQESKNQEEFKKSTSLGQLDKDASQKQNPKSGKTYRKCQRKFKEMIINRELKNEELEKQQGDLKHRLNILECSMPAVMVWNIWRMAQGTCVPNLQRIMEKQFQGPASGEVYCPKTPSRHFDCRVREVEAERKEAQRRMDEARNLWTEKEALLEDKMRRLGEVKILQEEMKEKIEKLTVEAQKLKEAYKVEDEDDRSCEAGECGVIECKKKWLKKLPSNASIKSTDIECLEKLQELAETELYMKKQIAELENREDAYMRTLQQADDLWCKLDSDVASTISSLQEQLEMKTAANQQMADRIVELEDIIEKLRSRLSTCRGELEKYLSVSKIEALVGKEDDFADVLDIDVAVKVDIKEELIGVEDFAEIEEIEVLAKVDIEEKDVLAVPEIVDDEVEEKPEIVDVDVEVTPEIVDIYVDVKPEIVDVDLEIKPELVDVDVEIKPDVVEDEVEIKPDIIEAEIEAVPDMDDVKIDTDVVKVEDEEIEIKPEDFVYQEHMLEEASEYLDQITSLSELDKYDDDFVCPEGFICNDVVLTETGLTEEEMIALKENRITPEQLLEEHGWKINIEDLIAKKPVTVIDEPIKEEIKIEPPSIEKIEPVVEVEREPDVMVEKPIPIEEKIDVPEPFVEEVKPVEEIKPIEEITPVEEIRPVEEITPVEEIRPVEEITPVEEIRPIEELIEEVIPPEVIKVDERPIEEIRPVEEPTPIEEIKPIPEVYPPEPPSIKVERPDIPIDTDNIIIPRKEMLSWEDDVDTIRATIAECPDCVTVKEDADKLAIKMAAYTETDVKEIIAKVRIPEEIPPPKEIEIQVEPEVQPKIEVAAEAKPVVREEMVEVKLEPEHPPEPPSSPLISTLVVEDVKEDEILEVARKLEVLPEVKKEEEEEVPIVEALAPEDIKEEEEIKKEPIEEEEIVVPLEFKEEIKEEIPEIVPEVVPEVKPEVVPEIKPEVVPEVVPEVVPEIVPKVEPEVMPEVEPEVVPEVVLEVVPEIMPEVVPEVVPEVVPEVVPKVEPEVVLEIVPEIVPEVVPEIMPEVAPEVVPEVEPEIIPEVVSEIVPEVVIDVVSEVVPEAVPEIIPEVVPEVVPEIVPEVVPEIVPEIVPEIIPEVEPEVEPEIVPEIIPEVPPEIVPEIIPEVVPEIVPEVVPEVVPEVVPEIVPEVVPEIVPEIVPEVVPEVVPEIVPEVKPPKKPIKIKPKEEIPPKKIEITQTEITRIETVYHQMITQTVADVETQTTPRLQQPQQPQLVTITKAINPDPETMQQLLQFKKPLKEQEISMTFQKTSKIAKSSSLHMKATGLSGYSYPPAAPYETLSAIMQSMKTESMKPGPEKELRSIYYTKKSEEMEQGKCNCCKCGKKLPATYEPGPTLKKPTTIQPTQHEALCADCKLKKIQKVLKAQDPLKKVPKKHTCDQEICTCTPTTIPTPTPTKGLKKPFPCKMKKEKMDQGCTAKIPKLKRKPKIMDNDDDQDSVQCTCSGIIETREGLKRVHCACGDPD	0000000000000000000000000000000000000000000000000000000000000000000000000000000000000000000000000000000000000000000000000000000000000000000000000000000000000000000000000000000000000000000000000000000000000000000000000000000000000000000000000000000000000000000000000000000000000000000000000000000000000000000000000000000000000000000000000000000000000000000000000000000000000000000000000000000000000000000000000000000000000000000000000000000000000000000000000000000000000000000000000000000000000000000000000000000000000000000000000000000000000000000000000000000000000000000000000000000000000000000000000000000000000000000000000000000000000000000000000000000000000100000000000000000010000000000000000000000000000000000000000000000000000000000000000000000000000000000000000000000000000000000000000000000000000000000000000000000000000000000000000000000000000000000000000000000000000000000000000000000000000000000000000000000000000000000000000000000000000000000000000000000000000000000000000000000000000000000000000100001001000101010000000000000000000000000000000000000000000000000000000000000000000000000000000000000000000000000000000000000000000000000000000000000000000000000000000000000000000000000000000000000000000000000000000000000000000000000000000000000000000000000000000000000000000000000000000000000000000000000000000000000000000000000000000000000000000000000000000000000000000000000000000000000000000000000000000000000000000000000000000000000000000000000000000000000000000000000000000000000000000000000000000000000000000000000000000000000000000000000
KAG6798501.1	KAG6798501.1 C-terminal-binding protein isoform X1 [Apis mellifera caucasica]	MDKRKMMPKRPRMDNLRGPIANGPIQTRPLVALLDGRDCSIEMPILKDVATVAFCDAQSTSEIHEKVLNEAVGALMWHTIILTKEDLEKFKTLRIIVRIGSGVDNIDVKAAGELGIAVCNVPGYGVEEVADTTLCLILNLYRRTYWLANMVREGKKFTGPEQVREAATGCARIRGDTLGIVGLGRIGSAVALRAKAFGFTVIFYDPYLPDGIEKSLGLNRVYTLQDLLFQSDCVSLHCTLNEHNHHLINEFTIKQMRPGAFLVNTARGGLVDDDALAAALKQGRIRAAALDVHENEPYNVFQGQCSQCPLKDAPNLLCTPHAAFYSDASCTELREMAASEIRRAIVGRIPDCLRNCVNKEYFLSSTGSYPEGINGGYYSGGLPVQQAHSTTPHDSAPPPPGGHSVVGGGGGGGGGGPNSSAGGAGAGGPTGPTGPTVGGGGAGGPTSAPPTGGLTGIPHSIVSEPDPRPSPPAPSPR	000000000000000000000000000000000000000000000000000000000000000000000000000000000000000000000000000000000000000000000000000000000000000000000000000000000000000000000000000000000000000000000000000000000000000000000000000000000000000000000000000000000000000000000000000000000000000000000000000000000000000000000000000000000000000000000000000000000000000000000000000000000000000000000000000000000000000000000000000000000000000000000000000000000000000000000000000000000000000001001
KAG6799456.1	KAG6799456.1 titin isoform X3 [Apis mellifera caucasica]	MDGGRTSLVISEAFAKDAGCYTVVAKNEAGEATVTCNVSVKGRLPHETSDSEFACSDMEPVVPKIQMPLKDLKVQEGLSVRLDCVIVGQPEPEVIWYHDDQPVKESADFQLLFQGDKCSLVIHEAFLDDAGVYKVVAINSGGEASSQCTLTVTPVTVSEKLDRARTEIEETFVAGSPPRFVKLPTDSLVAEGETAIFECAVVGEPKPELRWFSDSGEVTENERILIQRKEDGTSILKISSAIPEDKGNYVVKASNEHGEAKAFARLVVRSLGDFRRKEEFVKMEEKLIAPTFKERFEDRRVMEGVSTKFECIVVGKPSPKIQWLFNDRPVHGKDFLVSVSGDRQVLTIPETGSTHAGTISCVAENAAGKAICSARLEIGGRSVEEVRKVGEKRVVDLVERSPADEMHAASSSEKHFSSEKSEGEGESQVLTKMSQTITESTTTHKTTKKEYISSTTSSTLSKPGQEPTSVSVKTTVHSTEQSSSENGAPPVVQSYKVEEHEKIIQDQPGEIRQEKTVVVSQDEEGIKQRDVKAAQISKPTRKSTAPRFVSPLTGMIVDQGTDIILEGIIDETIFPPVFGRRLQAQVVKRGERVNMEVEITGTPEPTVTWFKDDVPIKERPPELRIKQQGNCYMLIIDKAEKAHAGKYMVRATNAGGEAQSIADFAVFEPTPDTMTEVHKTVIYENVQDKKVTQSDEKKKEVPSSKLPPSTTIQQIPPLKTTPIVSSTSISETTKTVEKIEEPESRMSRSETISSTVESHQSQSKSEQKFHMKLEHKTPIIPEPRKEEKMVTREVIREEVEKKGAEPKATVIEERTKIENENIETSTIAKKDALSFFESMTKETETTPKGPKEMIKLVDDADGHEVKVGKLTKNYERSTTFQEVKKPEPKPAEIQTTKKAVHEIFTKLEQGSTASRGVDNKLFDFPYEPYKPPSEIKKTVVEETVSSGSSSVQGSLIMSSKMESKVESKMESKSELLEGFNLVPEPPPEIGYMPKPEELKKKRPEVSIKAKQLQESFDRTLSPIDAPVGGVKIFPTPSPKVAPMFSMPPSSFELEKKEVVEEPCVRKEIHEKRDYVSSFRAMSPSRPWSSSSDVETRSHVSTDLSEYRCHSAASSHQEILRSTSPRPSADALAMEKSWAKKCAESSRKSWPPQEESKFKQEWQSPGEEYKSSSKEFRKEVEETPEGGIRKTSMESSSTTERRSWSSKQESMEKIESKRAPSPLKTQPIIYNAETIKVDHVVNKMEEKSLYEKYTSESDIKKLEKSEKFEEKYSKKWTSSDDLKAPGLVRSVEPPKRPVIQLYHLTPPSEQIILEPGPPPEIGYIPAPVVKEKKIEKIEKNLEVSLEHQPAKIPPGGIRTIPPVPKKEEPPALPPKDVKMTPPPIPAKQPTPIEPLEPFPFKPSPSSAPMKKVPPPPTPTKFVKGSFTQESDYESDMDGHMKAKWRPYESDSEEPRYRRVQAPVPKPSRPRSTEPEPLPPSKFEVPPSTVGPPRPVITKEQQEKVCKKTIATTVKRQEREIKQQQQKFQVGQPPAIELKPGSPPIYVQPVKSPTPKSPPVKKPESPKFKVKTFQQESGYMADTDEPFQQKSSIQSVQKSFGKHESSSSMTSHTESRTSYSESRSEYFESKSYDSRQQQQQKKESFIAPPAPLITKQPVQPPVQQQRSSFVEKSYISSTSPSRFSSTKETIYTTDQSHKKLETTKKILPPSPSPSKFVKGEFRESDYESDYDGRIPPLWKPRGYESDDQSFRSVKPNLAGPGKPKEPRAPFIEELEKKKEDRVATPTKPKTVLLPGSPPEIAYAPPQPTYYEARSGIPFHNAIGTETKKTVRMDESTENSRRIVTVEQTSRVIKFGDQKPTATDFTGFEGSDQRQKAAFKVPTPKKFVQGQFRESDYESDIDTRIRAKWAPPESDTEEPRYRKVQAPTTKAPRSASAPVRQEHVVSPLEFDTGPPVLKRQTSMTQLRDEGRATQVKRDVCSGQEEVLKPGSPPEFGFISRSDVKKAATRKDHD	000000000000000000000000000000000000000000000000000000000000000000000000000000000000000000000000000000000000000000000000000000000000000000000000000000000000000000000000000000000000000000000000000000000000000000000000000000000000000000000000000000000000000000000000000000000000000000000000000000000000000000000000000000000000000000000000000000000000000000000000000000000000000000000000000000000000000000000000000000000000000000000000000000000000000000000000000000000000000000000000000000000000000000000000000000000000000000000000000000000000000000000000000000000000000000000000000000000000000000000000000000000000000000000000000000000000000000000000000000000000000000000000000000000000000000000000000000000000000000000000000000000000000000000000000000000000000000000000000000000000000000000000000000000000000000000000000000000000000000000000000000000000000000000000000000000000000000000000000000000000000000000000000000000000000000000000000000000000000000000000000000000000000000000000000000000000000000000000000000000000000000000000000000000000000000000000000000000000000000000000000000000000000000000000000000000000000000000000000000000000000000000000000000000000000000000000000000000000000000000000000000000000000000000000000000000000000000000000000000000000000000000000000000000000000000000000000000000000000000000000000000000000000000000000000000000000000000000000000000000000000000000000000000000000000000000000000000000000000000000000000000000000000000111110100010000000000000000000000000000000000000000000000000000000000000000000000000000000000000000000000000000000000000000000000000000000000000000000000000000000000000000000000000000000000000000000000000000000000000000000000000000000000000000000000000000000000000000000000000000000000000000000000000000000000000000000000000000000000000000000000000000000000000000000000000000000000000000000000000000000000000000000000000000000000000000000000000000000000000000000000000000000000000000000000000000000000000000000000000000000000000000000000000000000000000
KAG6799274.1	KAG6799274.1 golgin subfamily A member 6-like protein 22 isoform X1 [Apis mellifera caucasica]	MTERELRKARALQPDLDDSTLRKVTDKTRRETESRAEKRYSWMREKVVEEEKEIHFTETVKDSAAESESEEESENEPEVSKEPEPPSKAENPAKNPEPETTTQPEPVKHSEPVVNQTAKEPTPEPEPIKEPTPEPEPEPVKEPTPEPEPEPEPEPVKEPTPEPESLSETKESKEENLAKEDAEKRVEEEETEDEEAVEEEVESKGEVNEAVSESEEEEETQDEKQATTEDVRQDKEEAAKRIEQYLINAAEQARTEEERKIAAEEERTRLELEEAKAWEQLQIAQERVAHLDEIIEQEKTEEKRKAEEEKIEADLLETRKILEEERKLEEAKTAALLAEQERMLIEEQLEKTREEEEKEERLANVTFLEQEREVKSVDPCRDDEITCDVTDQDREEKPYDPITDDETQIEEEEAHEECECDMAENPFVEEPEGAEGKAVTGGNSVEESSKTEEATSGGEESFVWGDEED	0000000000000000000000000000000000000000000000000000000000000000000000000000000000000000000000000000000000000000000000000000000000000000000010000000000000000000000000000000000000000000000000000000000000000000000000000000000000000000000000000000000000000000000000000000000000000000000000000000000000000000000000000000000000000000000000000000000000000000000000000000000000000000000000000000000000000000000000000000000000000000000000000000000000000000000000000000000000000
KAG6794644.1	KAG6794644.1 arginine-glutamic acid dipeptide repeats protein isoform X1 [Apis mellifera caucasica]	MSAGTQGEIRVGPSHQELVSCQARLPEYRPGIPPGELLPDPEFSKEREELRWIPAMALDGDLLMYLRAARSMAAFAGMCDGGSPDDGCVAASRDDTTINALDILHDSGYDPGRALQALVKCPVPKGIDKKWSEEETKRFVKGLRQFGKNFSRIRKDLLPHKDTPELVEFYYLWKKTPGANNNRPHRRRRQGSLRRIRNTRNSRAGTPKEEVPTPPKDTPPASVNQKEPVSEPETVPVGTPASNNPGGEISSVTEDDNSEEDSDSRDTNTNGAIHSCQHCFSTNSKEYQIAGKDRLLLCTECRTHLKKTGELPPAPPYLFRPVPAESPDSPGRMRTRNKAKETPRPARPRRTGGTDTPDQEKQQQQQQTPDKNKKKSNKSETPKKGQKRPQTDDVDEDKESQKRKRPGERPESPSESLTTDSNSLMDEPEREGEGDTNENQPTPVTVPTEEPVSPAVTTPEEPSEPTPVSTPVPTPIQTLPISVPVIHTLEKKPLLEEPVETKEQIEDVPLAMNQPLKLEPMPIEPAMSPSNEDMKEPEQQLNLTTSQSLNINDMNQNMPRNLSQSIQNSGICTSTGPQSMQNSQIMSPTHQGLPLNMQYTSNVPPVQNVPQNLSQSMQMPSNIPQNMSNAQNMGPTQNLRTHGENLSNTQNMPQSIPGPPLNLNISQSIPTNMTQMPQMPSSPQPLGLTVMSSENRMSERISDDRLSSERIRDSRISERISERIPERSENNEPERNDSNNLFQPIQPSGMLSMEKPSSMYNLAGTPPMEPQNLKIKQEIIPPEPDPLQSLKEVKVPGFQSGFPGPSLDNIKKDPDSSSKPPTPSKHSISSSQSVPQIQSVAASPTPTLPPPPTSIPQPVMHPAQQPSPHMAHPFHPHHPLMHHSLFTAMHPYHPHAYPGYAPVGAYPSFPPYPYGPVPHAIPPPSPQRSQESTTMMTAHHSSTSSSVTTREEGENLIATHHHSSTMHQATALHHDKLLTISSHSSHSHSSSHSSHNTQRKPSLVSATCLTSSSSAHHHHRPPQSQPPVVPEPKIEPDLVEQEQEEPPSPRGPSPEPRIEDSECHRSQSAIFLRHWNRGENNSCTRTDLMFKPVPDSKLARKREERSRKQAEREREERDRAAAQQARKMTTPEKQPETCKPPSRGPLEPVVSPYDRYAARPGSYADTPALRQLSEYARPHAAFSPARHPAPPDPMLHYMYSPAARERLELEHLEREKREREIRELRERELNDRLKEELLKGTPRPMPAPVDPHWLEIHRRYAAAGLAPGPSGPPQALHQFGLYGAPPGPSQLERERLERLGIPTAAGGGPAGAGAGHPVAAHHHGQLDERLALAADPMVRLQMAGISPEYHAHTHAHTHAHTHLHLHPGQQQAQQQAQQQQEAAAAAAGFPLPAAAGANYPRPGLMPRDPALALHPAELLARPYADMAAHHEQLQRHLMMERDRFPPHASLVAHHEEYLRQQRERELKVRALEEAARGSRP	0000000000000000000000000000000000000000000000000000000000000000000000000000000000000000000000000000000000000000000000000000000000000000000000000000000000000000000000000000000000000000000000000000000000000000000000000000000000000000000000000000000000000000000000000000000000000000000000000000000000000000000000000000000000000000000000000000000000000000000000000000000000000000000000000000000000000000000000000000000000000000000000000000000000000000000000000000000000000000000000000000000000000000000000000000000000000000000000000000000000000000000000000000000000000000000000000000000000000000000000000000000000000000000000000000000000000000000000000000000000000000000000000000000000000000000000000000000000000000000000000000000000000000000000000000000000000000000000000000000000000000000000000000000000000000000000000000000000000000000000000000000000000000000000000000000000000000000000000000000000000000000000000000000000000000000000000000000000000000000000000000000000000000000000000000000000000000000000000000000000000000000000001100000010000000000000000000000000000000000000000000000000000000000000000000000000000000000000000000000000000000000000000000000000000000000000000000000000000000000000000000000000000000000000000000000000000000000000000000000000000000000000000000000000000000000000000000000000000000000000000000000000000000000000000000000000000000000000000000000000000000000000000000000000000000000000000000000000000000000000000000000000000000000000000000000000000000
KAG6799321.1	KAG6799321.1 spastin isoform X1 [Apis mellifera caucasica]	MSQVPRRPIGPGPGDPLLAKQKHHHRRAFEFISKALKIDEDNEGQKEMAIELYKKGIGELEKGIAIECTGGRGEVWEHAQRLHDKMRTNLAMAKDRLDFLVSVCELKKLDICNEYRAPGNKVDSEHPGKNLRIRRNIHTLQTTRSSLNTNHTKNTNSTQTVNIGQNTCTQIPKLRPRSPKNYSAHSEASGRKLSVPGKRVGTVISKSQTLPRSMGRSTAIQSCHRVAPIKPSSTPPSVKRQLSVPGNGSPIRRPGTPTASNSNRGTPTRKVPILKGVDPKLAQVILDEILEGGTAVHWEDIAGQETAKQALQEMVILPSLRPELFTGLRTPARGLLLFGPPGNGKTLLARAVATQCNATFFSISAASLTSKYVGEGEKLVRALFSIARELQPSVIFIDEVDSLLSERRDNEHEASRRLKTEFLVEFDGLPCNPEERVLVMAATNRPQELDEAALRRFTKRVYVTLPDLRTRIMLLKRLLAKHNDPLTSEELNEMAVLTEGYSGSDLTGLAKDAALGPIRELNPDQVKELDLNSVRNITMQDFRDSLKRIRRSVSPASLAAYEKWSFEYGDVSL	100000000000000000000000000000000000000000000000000000000000000000000000000000000000000000000000000000000000000000000000000000000000000000000000000000000000000000000000000000000000000000000000000000000000000000000000000000000000000000000000000000000000000000000000000000000000000000000000000000000000000000000000000000000000000000000000000000000000000000000000000000000000000000000000000000000000000000000000000000000000000000000000000000000000000000000000000000000000000000000000000000000000000000000000000000000000000000000000000000000000000000000000000000000000000000000
KAG6796062.1	KAG6796062.1 serine/threonine-protein kinase mig-15 isoform X1 [Apis mellifera caucasica]	MAHNLAPSVNCSLDDIDLNALKEPAGIFELIEVVGNGTYGQVYKGRHTKTGQLAAIKVMDVTEDEEEEIKLEINVLKRYSNHRNIATYYGAFVKKSSPGKDDQLWLVMEYCGAGSVTDLVKSTKGQSLKEEWIAYISREILRGLSYLHSNKVIHRDIKGQNVLLTDNAEVKLVDFGVSAQLDRTIGRRNTFIGTPYWMAPEVIACDENPDATYDNRSDLWSLGITALEMAESQPPLCDLHPMRALFLIPRNPPPRLKSKKWAKKFHGFIETVLVKDYHQRPYTEQLLKHPFIRDQPTERQVRIQLKDHIDRCKKRKQEKERDDYRYSGSENEEDEPALAGEASSIVQAPGGDTLRRNFQQIQEGRTLTQEVNPQPPAAKEKPSSRAQRDIPEPGPPARPAIPHRLIVVPDPQPPSRPLPPTPRDDPRQPHKVSTPPSNHQPLIGGGGSGGSGGQSASQRNSHVFKPMLPPRKPEDLDMLAAQLNELGVSQGPEAPPRPNRQHKAPSSTSNSGQPASSNDQNNKQMPQSSSILDQALSVESDSDDDLEDAGGNNARNDGTLLASDPPKPLPEFSPFRPSADPSSTSSHNAQNSHLEGKPKGGAPNRPLPPTPDEEESGDRTLVMKRKLSQMSDDRTANINTNTTTTTTTTTTTTNNNNNNRRSEAEEQLLLKEWDFTRFFQGFNERLDKMKQQESSQESSSSAEACNKPPSSSSSVNENHLSSSSTEKTLKRQEQLSSRRKYDNQQQQQQHHHHQKHQQQQLKAVHRRQESDSKLGGNTSSAFARAFRRENSDFFPSARHSAYLQKSDTSRSSIFSSGNRRGSEISVAGIAGKKGNAVSAGEPVLTDFSFGRDGVQRPRREKTESEIVFGSRHEARRLDFGRDKDDTARRRCCRPSDAVSAAVDEAGTIKSTASTTASEYSPIVTQNRESGDRSRGGGSGGDFQRSDSSPGSRPSSVLPDLLTSSPGQRQDKTTSEEYRQAVKSPQLLAHQQKQRSFLTFGFGAGPARRESHVNVNVTPTSHDLTSDTPEIRKYKKRFNSEILCAALWGVNLLIGTENGLVLLDRSGQGKVYQLISRRRFQQMEVLEGQNILVTISGKKNRVRVYYLSWLKSKILRTDGHSDQVERRNGWINVGDLQGAVHFKIVKYERIKFLVIALKDSIEIYAWAPKPYHKFMAFKSFSELAHRPLLVDLTIEEGSRLKVIYGSADGFHAVDLDSATVYDIYLPKHTQGPICPHCIVALPNSNGMQLLLCYDNEGVYVNTYGRLSKTMVLQWGEMPTSVAYIGTGQIMGWGNKAIEIRSVESGHLDGVFMHKKAQRLKFLCERNDKVFFSSAKGGSACQIYFMTLNKPGMANW	0000000000000000000000000000000000000000000000000000000000000000000000000000000000000000000000000000000000000000000000000000000000000000000000000000000000000000000000000000000000000000000000000000000000000000000000000000000000000000000000000000000000000000000000000000000000000000000000000000000000000000000000000000000000000000000000000000000000000000000000000000000000000000000000000100000000000000100000000000000000000000000000000000000000000000000000000000000000000000000000000000000000000000000000000000000000000000000000000000000000000000000000000000000000000000000000000000000000000000000000000000000000000000000000000000000000000000000000000000000000000000000000000000000000000000000000000000000000000000000000000000000000000000000000000000000000000000000000000000000000000000000000000000000000000000000000000000000000000000000000000000000000000000000000000000000000000000000000000000000000000000000000000000000000000000000000000000000000000000000000000000000000000000000000000000000000000000000000000000000000000000000000000000000000000000000000000000000000000000000000000000000000000000000000000000000000000000000000000000000000000000000000000000000000000000000000000000000000000000000000000000000000000000000000000000000000000000000000000000000000000000000000000000000000000000000000000000000000000000000000000000000000000000000000000000000000
KAG6794414.1	KAG6794414.1 hypothetical protein HZU73_09979 [Apis mellifera caucasica]	MNWKHGSYRVEEDGDEEKEEDDDDDDDEEDDEDGGDRGDEHGYDRGNDNEDRRDTSLNSASSGRRVAARDSRAGEEDWTKRKKQNKTSKAEEAEERRNQRNEKREEELKRESEREGEGRTRRDSEEASYHRIRDARTTIFLDHRVLRELRERESRKGTKGEEEAEEEEGEEEEERGKEEEEEEEEEGGGEEEEEEEEAEEEEKGGSSSSAVLANKTRDEEGRGGRKEAEGKYRVGVRSGGRRRRGKKKKREEVYRGKEFHEPRSSGRQEEQQQQQQHQQQHQQQQHQHQHQRHQAREQQHHHQQQQQQQHQQQQQQQQQQQQQQQQQHHQQPQPQQQQQQQPQPQQQHHHHHHHHHHHPQQQQVQNPDSRNPPHHHLQQHQHHPGNHLHSGDSGGGIGGGGGGGGAGGGGGGGGGSGGGASGGGVAGVAGGGSAEGDRSGRIHDEDDEDITEREDEEEDEDPCSSPEPDLENEPEPMEVQASAVTAAAANLHALRQHVFKMSDYWQQPQRGPPQQSPGIQHSPISNAAQQHQQQVQQQLHSPLSQQQQQQQQQQQQQQQAVQQANAASGLGQTTSPQQMQQQQQQHAMSIGQQTGQGGQHQSSPVSTTPSPQADHQGAIASSMAQSLHSLAQAQQTMSQASSPSLAVQAVQAAQALNQNLGQALTQALTQNMQQNLGQTLQHNLAQSLTPSLSPQQQQQLLNQPQNLSQASQSLQQNIQSQAQNLSQTLQQQAQNLTQNLGQTLSQQALQQQAAQNLTQNLQQQAQNLTQNLQQQAQNLTQNLQQQALNMAGSIAQNGALAGMNMTANQQQNSQNSMLSPGATSQDSHDASLTEKLVNELQVRA	0000000000000000000000000000000000000000000000000000000000000000000000000000000000000000000000000000000000000000000000000000000000000000000000000000000000000000000000000000000000000000000000000000000000000000000000000000000000000000000000000000000000000000000000000000000000000000000000000000000000000000000000000000000000000000000000000000000000000000000000000000000000000000000000000000000000000000000000000000000000000000000000000000000000000000000000000000100000000000000000000000000000000000000000000000000000000000000000000000000000000000000000000000000000000000000000000000000000000000000000000000000000000000000000000000000000000000000000000000000000000000000000000000000000000000000000000000000000000000000000000000000000000000000000000000000000000000000000000000000000000000000000000000000000000000000000000000000000000000000000000000
KAG6799460.1	KAG6799460.1 titin isoform X24 [Apis mellifera caucasica]	MPREKLEEVELKPTKIEKKDIARASLEAVDLKPVLREMTKEIKTEEEKITQLDKTTEEIYVEEEDSRFVKTSKRIDETVQRKKEEVKPWTEEKVTLKKSKLDRKEIPRETLETVELKPSKIVKKEVDKATLEKVDLKSIPIVTEKITEETISKSEYLEQEDTSMLDVTKIEEVKKLKKEKIEEKMEQTKPWTEEKITLKKSKPEKKEIEKKTIEIVELKPSKIEKLPDRKSSLEKVDLKPVPTAVTEKITEKKIIEKTKYFEEEDTALLEVSKTEELKKMKKDKVEEKPEEKPKLWTEEKVTLKKTKPVKKEVEKETIETVELKPSKITKTSIRKESLETVDLKTVKKEREKTMKEIVQKTDYIEQEDTTLLDISKDTQVKKTRKESISVEKEHAKPWTEEKITLKKAKPEKKEISKETFETVQLKPSKPEKADIEKSSLEEIDLKPIPKKEIPKKPEEKEVVVEKDDTTLLQVAKDTETTVKIDKKVKKKEETERKTSETKPWTEEKITLKKAKVEQKEVRRESLEEVILKPTKTEKREIKKETLEKVDLQKVTDKTQFVEKEDTKVLKIDREEKIEEDKIEKVATWRKERKLKEPYHEEEDKTILDVEKDIEFMEKQKEMPVPWVRGKKKLTEKVPYHKEEDTTLLDIEKTEKTTEKQMKEEVPIPWARGKKAKEEKSDVPQKVEEKPVEEEEKLETMQVPWLRDKKMTKKIPEKKEELADDIKSVTLKPVRREHVPEEKEKLEEVTLKPVKRIPREEEEKEEVQLKPIPKRKSEEKPREEVTLKSFQKPKQEEEKSKKPELKPLEKSKPEAPEKEKVQLKPFQREKPEEKLTIISQKLPEKTQEKEIKEVEEISWRRKPKKPSISEESPVEKVAEKIVEEKVIKKEEETIEDFKSIALKPIKREKKPEEREDKEEIILKPVKHIKKEEESTEEIKLKPVEKPEKKIEEKEEKPLKLIEEEKPIESELPWRRDKKKSIEQKVTEIPIEEKKVEEEQVEVSWRKPREKVMKEVQKEKVEDFTAIKLKPARKEKRPDEKIEKEEVVLKPIEKIPKEEEIIEEVTLKSEKLEKPETFENGEILEEKTELPWRRGKKKLAKEEVKLEQILKLEKQVSKSVEEQIIFKHKDEKPEEKEISEIKLKPVKHIEKPKEEKPEEVKLKPVKRLPKEEEEKEVVTLKPIKKEKPEEEKPELKLKPVKHIEKPEEEKPEEVKLKPVKRLPKEEEEKEMVTLKPVKKEKPEEEKPEEVKLKPTKKEKPEEEKPEEVKLKPVKRLPKEEEEKEVVTLKPIKKEKPEEEKPEEVKLKPVKRLPKEEEEKEVVTLKPVKKEKPEEEKPEEVKLKPVKRLPKEEEEKEVVTLKPIKKEKPEEEKPEEVKLKPVKRLPKEEEEKEVVTLKPIKKEKPEEEKPEEVKLKPVKRLPKEEEEKEVVTLKPIKKEKPEEEKPEEVKLKPVQRLPKEEEEKEEVILKPIKKEKPEEEKPEEVKLKPVKRPEKPKEEKPEEVKLKPVKHLPKEEEEKEVVTLKPIKKEKPEEEKPEEVKLKPVKRLPKEEEEKEVVTLKPIKKEKPEEEKPEEVKLKPVKRLPKEEEEKEVITLKPVKKEKPEEEKPEEVKLKPVKRLPKEEEEKEVVTLKPVKKEKPEEEKPEEVKLKPVKRLPKEEEEKEVITLKPVKKEKPEEEKPEEVKLKPVKRLPKEEEEKKVVTLKPIKKEKPEEEKPEEVKLKSVKRLPKEEEEKEVVTLKPIKKEKPEEEKPEEVKLKPVKRLPKEEEEKEVITLKPVKKEKPEEEKPEEVKLKPVKRLPKEEEEKEVVTLKPIKKEKPEEEKPEEVKLKPVQRLPKEEEEKEEVILKPIKKEKPEEEKPEEVKLKPVKRPEKPKEEKPEEVKLKPVKHLPKEEEENEVVTLKPIKKEKPEEEKPEEVKLKPVKRLPKEEEEKEVVTLKPVKKEKPTEEKPEEVKLKPIKKEKPEEEKPEEVKLKPVKRLPKEEEEKEVVTLKPVKKEKPEEEKPEEVKLKPVKRLPKEEEEKEVVTLKPIKKEKPEEEKPEEVKLKPVKRPEKPKEEKPEEVKLKPIPKSVSEKVEEKPEDEAEKILPWRRGKKTKKIVDFREEVTVVPIDQEKVITEIHDEEIKIVEQKVEAKKIVQAEIKEFKEEKPELPWRTTKEVKEIIEEKVVVEEIKPETVLKEDEVIEDVTESSEVSWRKRRKPKKPEKEKEVVELKPVEKHEEFVERIEEIVLKPVEKEKFEEKPKEEELKPLKLEKPKKLEEEEIEEEKVTEMLWKKPEEIPVPVEKEVSTQEVQVIEATKVEKIVEDVVEVEKKKVQVEDRRRKHKQRTQVEISITDKDKKIAPRFIQKLQPVIAQPETTAKFTCTVFGNPFPEITWYRNEQELHASEKYIMTIYETTASLEITKVKEEDAGMYSCRASNPAGVATSTVNLVIFEKEEEGIAPHFATPIKPLMVEEHKPALLECIVTGTPMPEVKWYRGEEELKPEKGREITFNPETGEAKLHILEPTEEDETIYRVRAVNKFGRAECRANLVISNVVRVSKPEVLRSPKITRPLPALVAEFGKPLTLSADFESKPTPEVKWYRNGAEIVPSDKRVIKIYENTTELYIPEVTKKDGGKYEVRVENPVGEARSSGSVTVKKREDKTDEVKAPRFIEPLQPQIVTEGEVVIMETRVDSYPTASFQWFHDTRPLESTPQVRIVTQENKSILMIKEIKPEYSGTYTCRAENVGGSVTCTATINLLDTPWEETVELVSPTFVKRLSPVRVMDGESANLTCIVQGKPTPRVEWYHDNKPIKEGKEITIVQDTEGVCSLAITEVFPEDAGEYTCRAVNPVGEAVCTSSLIVEAYEYVPDSEIASSIVATSLTTGQSGSEEDLLSPKETPLFDTDEESAPEIVKKLPQLIPTKVGELTRLEVKVKGKPKPEGKWYKQGVEIVSSQEFLIEEFEDGTSVLTIAETYPDDMGEIVFEVHNPLGVSTTTTYLSVEGIVGTKEYRKPSWVTQMEEMQEALRGKSRQSEAIDCMLSEAECSFSTDSLDRAIREESSQRDSSTMISEFSSTRTLMNIDDEGKRCFEEEDPHQKGFFLSRRFSDSLEIEQEITTTEYSWEMSASNKETSSFECVENALFENTKRESKNGEQRGKMDKKTRTERVSKVVRKKKLESMEEKTVTKKCTETKSHPVKNRRDSASGTSSKYSNVHKMRLSRPLTVEKSIKGTNVNVKARSLSPDQVKYSKMTESSEKHRNVKSSSPTRSRQVRSNDKLIATKCAKFKEEEASIINDEVACRRMESMNKMSIESENRSERRKKIVLDFNEFPPPKSERKNQARSDLSNIQEAGFYLSPIEENSEASTGSGQSKQVIEHYGKMMETSMEYDHVRKYHTYPKSRIPVARWSKERRFGNLMMDPKMYPLEPREIDLEAFQQLHTADSQEELQEFLLLESQCSGNLGLAGNMSTSEVSCNEHHSEDERGTMSATQSVPRFIQEITDVYAKEGETAVFECIYSGNPVPDVVWYKNDKMITNTPNVKIRLLDEEKKTILTIKHATEEDDATYVCKATSEIGLTTTKAKLHVTEITGKKIFMDEEQFEEQIVEEKPKKKPEEEKPHKKKKPEMKKAKETKEKVKGERVKIDKKELHKEKLIPKEQPEEKKIVDIEETQTLETTEIIEEQPTEVTRAKKVMPIQEPLITEATASLKKIDDEKAREIILKTEERAKRVLEEREGVVVSEMAIEDTARDFTIESVVDRAQITSETLQTVSVSEVHTEASVQEIRRVDTKRKAKKTVVTEEEELPREIVVEEKPKKKKKEKLKVREEVTIEEIVERQKENIAREVEEIMETLHAKEFGPGEAPLRELATIGFLVRQGVSVNEINESLYKTDNFPALKTPEAQNALVQLVEREGHGPLITQVLTEETTTDESVVAATVGFRAFMRMIELQHVTVEEVLTHFAPEDFRPRAWEVTEATEVETEERITERVDVIHKTEVHFMEYEDTRQAHTTLRERKLTKPKEQIEEKKEDRGVGVQVVEIEEIEETETGRKKTKDAEEIEEEIETIIIETDSKHKLAQKEKKRVDVEEEEIIEKERKELIPKRPHIRRNEVEMEEIEEFEIKEDRSMPSLILNVPSQRHQIIPLDRTIEQAPGKPELEKAKLTMDTITPLTEHFVPIQEKEIDDISQIKLIERKASLSISPIEPYSIMETTVQASTGEFAGIFKPTFYEATRGIVPSESLVISETLANDAGLSSLIINKQEISKTADVSVALQEATTVYETMVSQKEAPTEDFVSPLTVRAEDIILPQIGLSVYEIQEGLTEDKLEPLKTLPTKPRVNIAAVEPLVVEEVRAEDKPGKYYPELVVPTEVATETVIPQRQRVTEEMYAPEKEGMYVPGRLPPSQKAQVGISYGNETATVQQNIVQESEGVFISERKTDTFEATPNVTVLEGISVSTVQAQDIESDLTIEEMKKAVADLNIIEITSAVTSETVPSEKEKEYQLEDKPAIKTAETSISLLEIGSIASTIIQESEGIYHPDQKPTKVLAETSIKPEEYVQISEIQTADYPSDFKEELKYVQESGTIAVQLIEAKMIQETMTHDREAKMEELIKPEERVVKTSYDAIKSVEVFQTTSIEKEADLKIFEMPESHRGKTVPTHPVVSLEIEMTQPEDNLGMIKKEVPSSSIAKIEPIALQETIIGETVIAEDVAPVQKDKVPEFKIAEVTMNEIESLHTTMVIASEKEAEYIEISEMKGAYATTEFTTQVAPIFEEIRTHSPTEEYISEKKAISSVAQSSHIPLESVTIAMQELAEKEDLYMTEIQPNKKIAIVELTEPRPGPIILEVISHDRENVYNPNVKPQDYTAETLVSGHKVALKSETLVEQSTANMSIDKPQSKKAIPQRDILEELIVTETTIAETEKIREADILPTIQSAEIEIQSKTEKLTVIEVTSIQEEEKLEIEKIPKERKVVLGITGGHEVAEMQETVLASNVNILKEEKIKEDHANQQQSGLEVVEQTEISISEKESPLQKDIRPDIKIVEVTFQEGESIVVGITHPEDKEGIFTPEEKPKNVEATVDIITQGVASKFEILSDTGLSDLPDETVQKMKPKTTILPIEAAIAQEVHTRETEAPFSEIKPNDKKANLEFVTGEGLIISAITTEDKESLLPETEKPKTKSASFDIPTHFVAQTIETTTTDNVGEFKREEIHVATAITDHITFRSVITSETATGDLEKPMEDFIQPEKKMIDVSFQEEEGITVIETIASDKEKEYFKKLEMQGEQATASFDAHKVAQLTEINPASISGDLTMLAPITVAAKEERLPFESIVQTETIVSETEKEFKDKPIITNKAEVSINEIISATTTTEIPADKEDILQIFEKPSEKQASVQFAGHMIAEKIEVTVDSSAGKLKKIKPVSALAVPSSIPLEAVISSEIQPTEIEGPFIKDKRPLKAIADLSVVEEQSVQVSAVIMEDKEEEYKSKNLPEIKTAGKSLVSGHIVAETTMQIVDFSTGEFIQEKPSGAIAISEHVPFISLIESQPIIQESEDKFIPGQLPENKTAIVDLEESKKIVIVSQVTPADKESLYISEELPSKHAASFGLDTIHGIAETTTISVEDSISEVKLKKPDTKKASTTQELYQSLLVTQDIVQDQENTFEEKFKPTVQKIEVSIEEGKRVTNVIEVSAADKEEILKTVQEEIRSVVPIIVSGHEVAERSEIIPHLSTGEMDIIKPTTATAQVGQKPFETIEMIEQVLAEKEIDKVEEISPQKTNARITVDENRFIAITEATTAQDVEAEMSIIKKPREEMAKSSMEGKEVAEQMEVSLREELGNLPVAQRPTTFEAYPTQITLECVDISETIPQEHSTVFEEKMKVDERSAKVSFVEGKSINISHVISQDKEDTMIIQKREESTAEMTLTKVGMDVAQKAQVFIEQSTGLVQPFEKREVQAHHKQDALEPIIVEEIPSAESEGVFDKYPKTVFSTAIQTFEQDHGISITEVTSAEVESVLKEKKMDISQTANSTLIMERNIVETSMIESQISIPDKIEQISMKPQVAVPEQDTFESIIVNENIVEESERTFEDVFQPQTQKADIDIQKVTSLQVSETITEDKESVFDVVPKREEVKATQDISLHETVIGSLVESVQSIQEIHEEKRISSQATMAQTVIETAVKIETTVGEREDTFEGKNFKLEQQKGKPQMEGLSTVIVTEIVSNEIEDVLPATVTPKEQQAQPILTGREVPEVTQVIAASTTEEFEKVTQLKKQQGKIEMEEMSSVTISEVISNETEDIFVLKTIPKDQKANFNILGNEIAETSQVTTIIETEDLALKRPEEQKGKPTLDELTSLTVSHVVSEEAEETLSLAKVPKEKTAHPSLTGRDVAEIIQILAIASVEKFVASKAPEEQKGKIQVEELAPLTVSQVISQEAEETLPTPEIPVEREAQPSLISRDVAQTMEILTMANIDTLAEDKKPGEQKSVPGLEEFVPLSVLQTISTETEDVLVSPKVPTKKIAQSSLTGHDVAETMQILTMMATKELIADRAPEKQKGKPNIEELTSVMVSQTVFHETEETLEEQVAPSTVIAKPALTGREVAEISQVLTVANVEELEKGKLPEQQKGKPNVEELTSITVSQAVFHETEETLEKQAAPSTVIAKPALTGREVAEVSQILTVANVEELEKDKLPEQQKGKPNVEELTSITVSQTVSHETEEILKQITPSTMIAKPALTGREVAEVSQVLTEVSIKELEKDKPPEQHKGKLNMEELTSITVSQTMFHEIEETLEKQVAPSTVIAKPALTGREVAEVSQILTVANVEELEKDKLPEQQKGKPNVEELTSITVSQTVFHETEETLEKQVAPSTVIAKPALTGREIAEVSQILTVANVEELEKDKLPEQQKGKPNVEELTSITVSQTVFHETEETLEKQAAPSTVIAKPALTGREVAEVSQILTVTSAEELEKDKLPEQQKGKPNVEELTSITVSQTVFHETEETLEKQIVPSTVIAKPALTGREVAEVSQILTVTSAEELEKDKLPEQQKGKPNVEELTSITVSQTVSHETEETLEKQIVPSTVIAKPALTGREVAEVSQILTVTSAEELEKDKLPEQQKGKPNVEELTSITVSQTVSHETEETLEKQIVPSAATATPALLGREVAEISQVLTVTSIEELEKRTLPEEQKGKPRLDELTSITISQIVSIELEDKLPSPEKPSEKIAQPQIAGREVAQKTEILTVTNVEELEKSEKPESQKGRPDVEELSFLTVSEVVSTEAEKELPTPKAPKEHKALPQLDSIEVAETSEILTITNTEELPKSKIPEEQKGKPQLEELLSLSVSEIAFGEMEKNLATPDEPTIQTAKPSLIGIQVAQKSQVIPSVTAGELQKEMKPAAKQIIPEQIPFESIEQLQAVAQESEDIFVVEKIGKSVKAEMSFRVSESVEVTQVMATEQESKEVIKGVAKEVSAQPDVIKHEVALKTEVQLADVADEFKVIKPEGKMAKGVDEIQQSVIVTEPLNAGEIESEMSESVLPSAKLANIIVEAEHLEHVMETTEVPAQQHHITITQHTTKHDTPQLIESDTEVIEEYTTKFRRGSKEDETAAVKTKKTIIRKKKPKNEEDNVVVIEEELEDIKPKIPSIPKKQFMPIEEVTTTIDVEEIIPTRIEEAEEVEQKEIKALPAQEKVKPTEIEEVKEQITVTEDTTKLGKPKKTTKKKIIKRHGKEQKVTEVVTVEEEEKAPETTVTEGPVEEIVEETIKSLPGLEMVVPTEVEEVKEQVTVTEEITKLGKPKKTTKKKIIKRRGKEQQVTEVVTVEEEGKAPETTVTEGPVEEIVEETIKPLPGLEKVVPTEVEEVKEQVTVTEETTKLGKPKKTTKKKIIKRRGKQQQVTEVVTVEEEGKAPETTVTEGPVEEIVEETIKPLPGLEKVVPTEVEEIKEQVTVTEETTKLGKPKKTTKKTIIKRRGKEQQVTEVVTVEEEGKAPKTTVTEGPVEEIVEETIKPLPDLEKVVPTEVEEVKEQVTVTEEITKLGKPKKTTKKKIIKRRGKEQQVTEVVTVEEEGKTPKTTVTEGPVEEIVEETIKPLPGLEKVVPTEVEDVKEQVTVTEEITKLGKPKKITKKKIVKRRGKQQQVTEVVTVEEEGKAPETTVTEGPVEEIVEETIKPLPGLENVVHTEVEEVKEQVTVTEEITKLGKPKKTTKKKIIKRRGKEQQVTEVVTVEEEGKAPETTVTEGPVEEIVEETIKPLPGLEKVVPTKVEEVKEQVTVTKETTKLGKPKKTTKKKIIKRRGKEQQVTEVVTVEEEGKAPKTTVTEGPVEEIVEETIKPLPGLEKVVPTKVEEVKEQVTVTEETTKLGKPKKTTKKKIIKRRGKEQQVTEVVTVEEEGKAPETTVTEGPVEEIVEETIKPLPGLEKVVPTEVEEVKEQVTVTEEITKLGKSKKTTKKKIIKRRGKEQQVTEVVTVEEEGKAPKTTVTEGPVEEIVEETIKPLPGLEKVVPTEVEEVKEQVTVTEEITKLGKPKKTTKKKIIKRRGKEQQVTEVVTFEEEGKAPETTVTEGPVEEIVEETVKPLPGLEKVVPTEVEEVKEQVTVTEETTKLGKPKKTTKKKIIKRRGKEQQVTEVVTVEEEGKAPKTTVTEGPVEEIVEETIKPLPGLEKVVPTEVEEVKEQVTVTEEITKLGKPKKTTKKKIIKRRGKEQQVTEVVTVEEEGKAPKTTVTEGPVEEIVEETIKPLPGLEKVVPTEIDQVKEQVTVTEEITKLGKPKKTTKKKIVKRRGKQQQVTEVVTVEEEGKAPETTVTEGPVEEIVEETIKPLPGLEKVVPTEVEEVKEQVTVTEEITKLGKSKKTTKKKIIKRRGKEQQVTEVVTVEEEGKAPKTTVTEGPVEEIVAETIKPLPGLEKVVPTEVEEVKEQVTVTEEITKLGKPKKTTKKKIIKRRGKEQQVTEVVTVEEEGKAPETTVTEGPVEEIVEETVKPLPGLEKVVPTEIEEVKEQVTVREEITKLGIPKKTTKKKIIKRRGKEQQVTEVVTVEEEGKAPKTTVTEGPVEEIVEETIKPLPGLEKVVPTEIEEVKEQVTVTEEITKLGKPKKTTKKKIIKRRGKEQQVTEVVTVEEEGKAPKTTVTEGPVEEIVEETIKPLPGLEKVVPTEVEEVKEQVTVTEEITRLGKPKKTAKKKVVKRRGKEQQVTGVVTVEEEGKAPETTVTEGPVEEVVEETIKPLPGLENVVPTEVEEVKEQVTVTEEITKLGKPKKTTKKKVIKRRGKEQQVTEVVTVEEEGKAPKTTVTEGPVEEIVEETIKPLPGLEKVVPTEVEELKEQVTVTEEITKLGKPKKTTKKKIIKRRGKEQQVTEVVTVEEEGKAPKTTVIEGPVEEIVEETIKPLPGLEKVVPTEVEEVKEQVTVTEEITKLGKPKKTTKKKIIKRRGKEQQVTEVVTVEEEGKAPETTVTEGPIEKIVEETIKPLPGLEKVAPTEVEEVKEQVTVTEEITKLGKPKKTTKKKIIKRRGKEQQVTVVVTVEEEGKAPETTVTEGPIEKIVEETIKPLPGLEKVAPTEVEEVKEQVTVTEEITKLGKPKKTTKKKIIKRRGKEQQVTEVVTVEEEGKAPKTTVIEGPVEEIVEETIKPLPGLEKVVPTEVEELKEQVTVTEEITKLGKPKKTTKKKIIKRRGKEQQVTEVVTVEEEGKAPKTTVIEGPVEEIVEETIKPLPGLEKVVPTEVEEVKEQVTVTEEITKLGKPKKTTKKKIIKRRGKEQQVTEVVTVEEEGKAPETTVTEGPIEKIVEETIKPLPGLEKVAPTEVEEVKEQVTVTEEITKLGKPKKTTKKKIIKRRGKEQQVTEVVTVEEEGKAPETTVTEGPVEEIVEETIKPLPGLEKVVPTEVEEVKEQITVSEEITKLGKPKKTTKKKIIKRCGKEQQVTEVVTIEEEGKAPETTVTEGPVEEIVEETIKPLPVLEKVVPTEVEEVKEQVTVTEEITKLGKPKKTTKKKIVKRRGKQQQVTEVVTVEEEGKAPETTVTEGPIEAIVEETIKPLPGLEKVPTEVEEVKEQVTVTEEVSQEGKPKKVTKKKVIRRKGKQQQVTEFVTIEEQGKAPVTSVTETPLEEIIDEIVVSLPVLEDIKPTEVEEMQRHIIVTEDVIKKSKEKEIIESADKEQQVTEIVSIEQKENLPITISGGPMGEILEVLSKIEYIKPIECVHEEITVVEEITKEGKPKKIIKKRITIREGKEQRVIEETTVEEHGKSPVTTIIEGPVEEVLQEFLKSIPTSDYVGKSNEVEEIREQVTVTEGTKEDKPIKTTKKRIIKRQGKKQQITELVTVEERGKTPISILTEGPMEELIEEIIKPLPAPEQIKPSEVEKVCEQITMTEEVTKEGKPKKIVKKKIIKRKGREQQVSEVVTIEERDKPPVTIITDGPIEEIVEETIKALPMKSGEVEEIREQVTVTQEITKEDKPRKTTKKKIIKHKGKEQQVTEVITVEEQGKEPVTTVTEGPVEKVIEEMIKSLPISERMKPTEIEEVHEQVTVAEEIKEGKPKKKITKKKQIRQKGREQHVSETITVEEEGKLPVITITEGPTEEIIEETLKVLSAPEYAKPDELEEIRKQVTITQEMTEEGKSKQITKQKAIKRKGKKQQVTEIVLVEEEGKSPVTIITEGPIEEIVKETVRALPTVERVDPIKVEEVVEEVTVTEIVTEEGKPEIVKRKIPKKVSKKVSIPKEEKEEIPEVPEISLRKLKKPVKLERLKVTKVEATKLEVQKIPMDKPQFAQIKLRKTPTMKRPVEKKEKIPRVLLRSRIIPIKWPPAIKYLKIEEFEPNEVQNGILSRNVEEAAILSKSKKKKVKRLEKEIAKLEKLDQEFEELKKELPLEKLVEPLIEKPEKKVKKKKPVEKLKGEKPQLMKISIKEQKPIKPKFEESVTPLFAQIKLKKAPVKPKKKEDKDEIKFPKVLLRSRITEHEWPPSIKYCIITELEPNYVQNGELSRTMEEALKLKKMKHKKVKFPEKEITELEKVDQEFEKLKKIPLEKGEEIAPYERKPKSKESEEEKPKKLKIGKGKPRSAEEEEPEIIKLKKIPEKVPSVPEKLAPIAKKKDEVDKPEKEKEEKEYPKLKPFEPYEIETTEIELEELEELEYPKKPEKVPKKMLTKKPKKEHKTPVQETEAVPIVPGVPKPREPQEEEEIKRRIPESEASKEKPEKIKLKPWKKPEEEKEQEKKPEYYLKFVPKDDDIVETVEIVTTVNMEETPEKKQRKIKKKKTTTKRGDEKPKVIEEITIEEEGVEPMVTVEEIVEDKLEAVSIELKPVPIEEIKEEIVTSEIMSEDGAKKTVRKKRVTKKREGKEQITEEVIVEEEGKKPLTATTELHEDTTQEIHEKPKHKRPTKPKADEKVTEDITEEIVEQKAVEEIKKPKIIKKKPLKAKNEVTEEVVEGIIIEQPDEQEAQPIMEELETVTITEHDVRNIPKKKKEVVIKEEEEIFETIETPTQKIIRKKIRPMKKGGEEIVVEEIIQKPREETIEMEKQRIIEVIETPIKKVVKKIKAVVKDDGVPEEIVEEIVIEKPQKEKAKSIIEEEKEKVKVMKIDLKQAPKKPEEIVEEEEEIIEIIETPMQKIIKKKSKDKKKKIVEEVIQKTIEDAKAMEERKIVEIIETPTKKIIKKKKAIFTEGKTPEEEVEEIVIEKPVNEKVQKDVVPQEGIEITEIIAETSIEQLPEKKLKPEESKVSEVEEEKTEITQIEMEKIPKKKKPIATIEPEDKEEIIEEIKPEMKKEKAKPTEKESVEITEVISEVITEKLPEEIMKKKATKIKETEEKIIKKEIKIKEAPKEAVPQTEEQLEEEVQELITEKLKKTKAKKEVMSQDSIIITEVISTTAEEALEVKKPEEDKAVIIKEKEEKGKVEEKKVIVKKAKKKLIPTEAEEEQIEEIIEEITPEELKMKKAKKTILPKEEIQITEMIPEIKTEEIKEKQPKEEKAVPKEEEKVEEEAKITEVSVKKVPKEEEKKEIITNGEIGEKPKVKEIPEERPELKEAPKTEKFKKEKPKEIKPEEKEEKLKKKKIPEKKPIITEEEQFDEKIEEIVEEKPRKVEPKKEIISKETISEIVAEELSTRKPEEHKVISVEEKSDEKFTVEEVLVEKDLEKKEKEILEEKSIEEIHEKPKEIKKKKKKKIVKKENIEEWVEPEYERPVLEPMPEKIQWEPKKKKVKKPLPESLQKLVPQKIERKEIKPMKLKYSEPTETVQFAAIKLKKVVIPKKKEIEESKFPKIMLRSRITFVGDYPPEIQYPKISELEVNPVQTGILSRNTEEALEILKRKVKKIKLPKKEVTELEKLDQEFEELKKVPLEKIEDKLIYERPPKKPAEKPEEPQKLVVGKGKVPEEKKAEPEMMKLKKIPEKKPEKIEEPLKKPVKPESEEKIKAEKKEKPKMKLEHEELRPLEFDKSELEKYVPEEHEESEKPPPEPMPKPYEREKKKKPDQEIEQIPLIKGEPKLPEPDKEPEVKFRIPQKEKPEEEPEKITLKGWKKDKPEDEDIKEFPAKEEEEEAPTAPKKEAEEIILKRKVKLKKPKEKATKEEEVTFKKPEEKKPKEVIEEITLKKEPEKSMEQVPEIFIKKPVVEEKEIEEKETITEVTLKKPEEKISEEIIEEIKKPEAKKPVKKETSDEITVKKSIVEEKKEEEIPEQIILKKKKPKEKPIPEEIKEEITLKKLKEKVSEEEQIEIKKPKEKKSVEKEATSEITIKKPVENEEEEILEEVTLKKKKPVLEEVKEEITLKKPIPKEKVPEEISEQIEIKKPKKKKPVEEEAADEITIKKPETVEKEEEEITEEVTLKKKKPKEKPVLEEVKEEVTLKKPIPKEKVPEEVTEQVEIKKPKKKKPVEEEAADEITIKKPVSIEKEEEEITEEVTLKKKKPKEKPVLEEVKEEVTLKKPIPKEKVPEEITEQVEIKKPKKKKPVEEEAADEITIKKPEPIEKEEEEIIEEVTLKKKKPKEKSVLEEVKEEVTLKKPVPKEKVPEEITEQVEIKKPKKKKPVEEEAADEITIKKPEPIEKEEEEIIEEVTLKKKKPKEKSVLEEVKEEVTLKKPVPKEKVPEEITEQVEIKKPKKKKPVEEEAADEITIKKPEPIEKEEEEIIEEVTLKKKKPKEKSVLEEVKEEVTLKKPIPKEKVPEEVTEQVEIKKPKKKKPVEEEAADEITIKKPEPVEKEEEEITEEVTLKKKKPKEKPVLEEVKEEVTLKKPIPKEKVPEEVTEQVEIKKPKKKKPVEEEAADEITIKKPELVEKEEEEITEDITLKKKKPKEKPVLEEVTEEITLKKPKEKEKVLEEVTEKIEVKKSKKKKPIVEEAADEVTIKKIVEEETKEEEAPEEVVLRPKSKRKSIVEEEEEVTEVTITKPKPVEEEKKSKEVEVFLKKKKPVVEEEVADVTVKKLISTEAEEVPEEFTIKKKKKPEKKPTVPEEVEETAITIKKVRGPEERKEEGEVSTEIQIKKKKPERKVKEEATEELTIKKFEELKEPEEKEEVQEFTVKRKPPKQPPKPIEEIYEDVTLRKLRPKRKPRPDINEVTEVENVTFRPRSTKTKEDVEQEFKISLNTYEEEDISMSGKVRLKPKKRPMTYSEEAGEETIKIIQEIEDDSGPIIEEIIESDEEAKDQYSIEELETDEMRLPFRKRKKKEPKPYKVEDVEEGDVKLKLKHERKYSIEEIDETLALKLKAKRRVSTYEEEEASLSITREEDISEGEEIEYVVRDGDTMFSICSYVAETDEAINLVEGERVYIIDHTNQDWWFVKKHLTEEKGWVPAQYLLNEVHYTHYLQRKLHEKIDKLPVFEKPGPGEKTSAPRFIEKLQPIHTPDGYTVQFECQVEGLPRPQITWFRQTAIIKPSPDFQMYYDDDNVATLIIREVFPEDAGTFTCVAKNAAGFASSTTELIVEAPLSDHGSDLTGPSRKSLSRESSLADILEGIPPTFSRKPKAKYVNEGEDVILECRLVAVPEPEITWYYKDMQITTKENIVVATESDMHMYCSVIKITKVQKKQEGKYTIIAKNREGEATIEIPMKVKTGKHEPPEILEPLQSYVIREGETVVLSTQIVGNPAPKVTWYKNGKPLKDLIPKQDGHVNTLTLIQPQVSDSGDYSVTAINDLGKVETKATLTVEKIPSGAPEPPLFTERFQELTVPQKGTFKLVAKVTGNPVPEVTWLRNNKPLEKSPNIIETYDGENIVLEIRNADSEVDAGDYKCIASNPVGKASHGAKVTVDVEKVTFTKTLEKEMIVDEYKTLELICETSHTVSTKWWHNDKEISGMDHREIVQEGRVHKLVIKRTSPTDEGTYKCTVKNQSTSSKVTVKATKPEFVKKLQDCEVKERDVTILEVEITSQTADVKWFKDGESLGPSKEKLEFVKDGTIRKLLIRNTSVHDEGEYTCTLMDEKCTAEVTVIELPPEIITKMQDVTIARGERATFEIELTKGDALVRWFKDGQELQFSEHVQLSIDGKRQRLKIYDTEPEDAGVYSCEVGQQKSSAKLIVEEPGVDFITRLPDVTLVPLNADAVFLIEISRDVPVTWMRKSEVIKESSKYSIVDEGTIKKLIVKKCTTKDISEYTAAVTNVKTSSKLRVEVIEVAPKINPDTPKKYKVRKGEDVEIVVKFSSTPKPNDEWTVNGHVVTKSKRVVPSIDEESAILTIRKIQEEDVGDYTLKLVNNVGEASIEINVVIVQVPSAPGAPEPLEITENSVTLHWKKPDSNGNSPIVEYILEHQEKTETTWTKIAETIKETTHKVTKLTTNKEYTFRVTAANEAGPGETSPTSPYIKITKPSAAEPPIILEPLKSVVVGLGETVSLTCVIGGTPAPEITWLRNGEIFEDINITYENRVSKYTITRTTETSSASFTVKAKNDIGTAETTCELKVQEPPKIIYDETLASQNLPVNGQWKIEIQMSGFPKPEITWLKNNKKIVDKRVSIETVENTSTIFISSLSREDSATYTVKAVNEAGSSSVELHLRVIDKPSKPQGPVVFKEIRQDRVTIEWRPPEDDGGIELEKYTIEKYEPGKTWTKVVDIDKEVESFCVHKLQQNAEYKFRIIARNAVGASEPLESETVKMRTSFEPPGPPRGPLEVSGMTKTSFTIKWQAPENDGGTPITEYIIEIKEESKKTWQKIGSTKHETTQFGVSNLKTDVPYNFRITAKNSVGTGPPYVAEEPIAPGRRITPPSSPQHVQVINVTSKSVTLSWSPPASNGGTELTDVPSPPTAPLEIRQIAANTVVISWGRPESDGGAPLESYKIAIRDAKKTMWMEVGRVNADTQKLNIRDLQENHMYLIRIFAKNEVGLSDPLESDEPVKIIPASELAVVEPIAEMTEKGETASVSFSTENTSSWLREHNMDADIHSYARARLLRQDEYFFRIWHYAKKLFE	0000000000000000000000000000000000000000000000000000000000000000000000000000000000000000000000000000000000000000000000000000000000000000000000000000000000000000000000000000000000000000000000000000000000000000000000000000000000000000000000000000000000000000000000000000000000000000000000000000000000000000000000000000000000000000000000000000000000000000000000000000000000000000000000000000000000000000000000000000000000000000000000000000000000000000000000000000000000000000000000000000000000000000000000000000000000000000000000000000000000000000000000000000000000000000000000000000000000000000000000000000000000000000000000000000000000000000000000000000000000000000000000000000000000000000000000000000000000000000000000000000000000000000000000000000100000000000000000000000000000000000000000000000000000000000000000000000000000000000000000000000000000000000000000000000000000000000000000000000000000000000000000000000000000000000000000000000000000000000000000000000000000000000000000000000000000000000000000000000000000000000000000000000000000000000000000000000000000000000000000000000000000000000000000000000000000000000000000000000000000000000000000000000000000000000000000000000000000000000000000000000000000000000000000000000000000000000000000000000000000000000000000000000000000000000000000000000000000000000000000000000000000000000000000000000000000000000000000000000000000000000000000000000000000000000000000000000000000000000000000000000000000000000000000000000000000000000000000000000000000000000000000000000000000000000000000000000000000000000000000000000000000000000000000000000000000000000000000000000000000000000000000000000000000000000000000000000000000000000000000000000000000000000000000000000000000000000000000000000000000000000000000000000000000000000000000000000000000000000000000000000000000000000000000000000000000000000000000000000000000000000000000000000000000000000000000000000000000000000000000000000000000000000000000000000000000000000000000000000000000000000000000000000000000000000000000000000000000000000000000000000000000000000000000000000000000000000000000000000000000000000000000000000000000000000000000000000000000000000000000000000000000000000000000000000000000000000000000000000000000000000000000000000000000000000000000000000000000000000000000000000000000000000000000000000000000000000000000000000000000000000000000000000000000000000000000000000000000000000000000000000000000000000000000000000000000000000000000000000000000000000000000000000000000000000000000000000000000000000000000000000000000000000000000000000000000000000000000000000000000000000000000000000000000000000000000000000000000000000000000000000000000000000000000000000000000000000000000000000000000000000000000000000000000000000000000000000000000000000000000000000000000000000000000000000000000000000000000000000000000000000000000000000000000000000000000000000000000000000000000000000000000000000000000000000000000000000000000000000000000000000000000000000000000000000000000000000000000000000000000000000000000000000000000000000000000000000000000000000000000000000000000000000000000000000000000000000000000000000000000000000000000000000000000000000000000000000000000000000000000000000000000000000000000000000000000000000000000000000000000000000000000000000000000000000000000000000000000000000000000000000000000000000000000000000000000000000000000000000000000000000000000000000000000000000000000000000000000000000000000000000000000000000000000000000000000000000000000000000000000000000000000000000000000000000000000000000000000000000000000000000000000000000000000000000000000000000000000000000000000000000000000000000000000000000000000000000000000000000000000000000000000000000000000000000000000000000000000000000000000000000000000000000000000000000000000000000000000000000000000000000000000000000000000000000000000000000000000000000000000000000000000000000000000000000000000000000000000000000000000000000000000000000000000000000000000000000000000000000000000000000000000000000000000000000000000000000000000000000000000000000000000000000000000000000000000000000000000000000000000000000000000000000000000000000000000000000000000000000000000000000000000000000000000000000000000000000000000000000000000000000000000000000000000000000000000000000000000000000000000000000000000000000000000000000000000000000000000000000000000000000000000000000000000000000000000000000000000000000000000000000000000000000000000000000000000000000000000000000000000000000000000000000000000000000000000000000000000000000000000000000000000000000000000000000000000000000000000000000000000000000000000000000000000000000000000000000000000000000000000000000000000000000000000000000000000000000000000000000000000000000000000000000000000000000000000000000000000000000000000000000000000000000000000000000000000000000000000000000000000000000000000000000000000000000000000000000000000000000000000000000000000000000000000000000000000000000000000000000000000000000000000000000000000000000000000000000000000000000000000000000000000000000000000000000000000000000000000000000000000000000000000000000000000000000000000000000000000000000000000000000000000000000000000000000000000000000000000000000000000000000000000000000000000000000000000000000000000000000000000000000000000000000000000000000000000000000000000000000000000000000000000000000000000000000000000000000000000000000000000000000000000000000000000000000000000000000000000000000000000000000000000000000000000000000000000000000000000000000000000000000000000000000000000000000000000000000000000000000000000000000000000000000000000000000000000000000000000000000000000000000000000000000000000000000000000000000000000000000000000000000000000000000000000000000000000000000000000000000000000000000000000000000000000000000000000000000000000000000000000000000000000000000000000000000000000000000000000000000000000000000000000000000000000000000000000000000000000000000000000000000000000000000000000000000000000000000000000000000000000000000000000000000000000000000000000000000000000000000000000000000000000000000000000000000000000000000000000000000000000000000000000000000000000000000000000000000000000000000000000000000000000000000000000000000000000000000000000000000000000000000000000000000000000000000000000000000000000000000000000000000000000000000000000000000000000000000000000000000000000000000000000000000000000000000000000000000000000000000000000000000000000000000000000000000000000000000000000000000000000000000000000000000000000000000000000000000000000000000000000000000000000000000000000000000000000000000000000000000000000000000000000000000000000000000000000000000000000000000000000000000000000000000000000000000000000000000000000000000000000000000000000000000000000000000000000000000000000000000000000000000000000000000000000000000000000000000000000000000000000000000000000000000000000000000000000000000000000000000000000000000000000000000000000000000000000000000000000000000000000000000000000000000000000000000000000000000000000000000000000000000000000000000000000000000000000000000000000000000000000000000000000000000000000000000000000000000000000000000000000000000000000000000000000000000000000000000000000000000000000000000000000000000000000000000000000000000000000000000000000000000000000000000000000000000000000000000000000000000000000000000000000000000000000000000000000000000000000000000000000000000000000000000000000000000000000000000000000000000000000000000000000000000000000000000000000000000000000000000000000000000000000000000000000000000000000000000000000000000000000000000000000000000000000000000000000000000000000000000000000000000000000000000000000000000000000000000000000000000000000000000000000000000000000000000000000000000000000000000000000000000000000000000000000000000000000000000000000000000000000000000000000000000000000000000000000000000000000000000000000000000000000000000000000000000000000000000000000000000000000000000000000000000000000000000000000000000000000000000000000000000000000000000000000000000000000000000000000000000000000000000000000000000000000000000000000000000000000000000000000000000000000000000000000000000000000000000000000000000000000000000000000000000000000000000000000000000000000000000000000000000000000000000000000000000000000000000000000000000000000000000000000000000000000000000000000000000000000000000000000000000000000000000000000000000000000000000000000000000000000000000000000000000000000000000000000000000000000000000000000000000000000000000000000000000000000000000000000000000000000000000000000000000000000000000000000000000000000000000000000000000000000000000000000000000000000000000000000000000000000000000000000000000000000000000000000000000000000000000000000000000000000000000000000000000000000000000000000000000000000000000000000000000000000000000000000000000000000000000000000000000000000000000000000000000000000000000000000000000000000000000000000000000000000000000000000000000000000000000000000000000000000000000000000000000000000000000000000000000000000000000000000000000000000000000000000000000000000000000000000000000000000000000000000000000000000000000000000000000000000000000000000000000000000000000000000000000000000000000000000000000000000000000000000000000000000000000000000000000000000000000000000000000000000000000000000000000000000000000000000000000000000000000000000000000000000000000000000000000000000000000000000000000000000000000000000000000000000000000000000000000000000000000000000000000000000000000000000000000000000000000000000000000000000000000000000000000000000000000000000000000000000000000000000000000000000000000000000000000000000000000000000000000000000000000000000000000000000000000000000000000000000000000000000000000000000000000000000000000000000000000000000000000000000000000000000000000000000000000000000000000000000000000000000000000000000000000000000000000000000000000000000000000000000000000000000000000000000000000000000000000000000000000000000000000000000000000000000000000000000000000000000000000000000000000000000000000000000000000000000000000000000000000000000000000000000000000000000000000000000000000000000000000000000000000000000000000000000000000000000000000000000000000000000000000000000000000000000000000000000000000000000000000000000000000000000000000000000000000000000000000000000000000000000000000000000000000000000000000000000000000000000000000000000000000000000000000000000000000000000000000000000000000000000000000000000000000000000000000000000000000000000000000000000000000000000000000000000000000000000000000000000000000000000000000000000000000000000000000000000000000000000000000000000000000000000000000000000000000000000000000000000000000000000000000000000000000000000000000000000000000000000000000000000000000000000000000000000000000000000000000000000000000000000000000000000000000000000000000000000000000000000000000000000000000000000000000000000000000000000000000000000000000000000000000000000000000000000000000000000000000000000000000000000000000000000000000000000000000000000000000000000000000000000000000000000000000000000000000000000000000000000000000000000000000000000000000000000000000000000000000000000000000000000000000000000000000000000000000000000000000000000000000000000000000000000000000000000000000000000000000000000000000000000000000000000000000000000000000000000000000000000000000000000000000000000000000000000000000000000000000000000000000000000000000000000000000000000000000000000000000000000000000000000000000000000000000000000000000000000000000000000000000000000000000000000000000000000000000000000000000000000000000000000000000000000000000000000000000000000000000000000000000000000000000000000000000000000000000000000000000000000000000000000000000000000000000000000000000000000000000000000000000000000000000000000000000000000000000000000000000000000000000000000000000000000000000000000000000000000000000000000000000000000000000000000000000000000000000000000000000000000000000000000000000000000000000000000000000000000000000000000000000000000000000000000000000000000000000000000000000000000000000000000000000000000000000000000000000000000000000000000000000000000000000000000000000000000000000000000000000000000000000000000000000000000000000000000000000000000000000000000000000000000000000000000000000000000000000000000000000000000000000000000000000000000000000000000000000000000000000000000000000000000000000000000000000000000000000000000000000000000000000000000000000000000000000000000000000000000000000000000000000000000000000000000000100100110100100000000000000000000000000000000000000000000000000000000000000000000000000000000000000000000000000000000000000000000000000000000000000000000000000000000000000000000000000000000000000000000000000000000000000000000000000000000000000000000000000000000000000000000000000000000000000000000000000000000000000000000000000000000000000000000000000000000000000000000000000000000000000000000000000000000000000000000000000000000000000000000000000000000000000000000000000000000000000000000000000000000000000000000000000000000000000000000000000000000000000000000000000000000000000000000000000000000000000000000000000000000000000000000000000000000000000000000000000000000000000000000000000000000000000000000000000000000000000000000000000000000000000000000000000000000000000000000000000000000000000000000000000000000000000000000000000000000000000000000000000000000000000000000000000000000000000000000000000000000000000000000000000000000000000000000000000000000000000000000000000000000000000000000000000000000000000000000000000000000000000000000000000000000000000000000000000000000000000000000000000000000000000000000000000000000000000000000000000000000000000000000000000000000000000000000000000000000000000000000000000000000000000000000000000000000000000000000000000000000000000000000000000000000000000000000000000000000000000000000000000000000000000000000000000000000000000000000000000000000000000000000000000000000000000000000000000000000000000000000000000000000000000000000000000000000000000000000000000000000000000000000000000000000000000000000000000000000000000000000000000000000000000000000000000000000000000000000000000000000000000000000000000000000000000000000000000000000000000000000000000000000000000000000000000000000000000000000000000000000000000000000000000000000000000000000000000000000000000000000000000000000000000000000000000000000000000000000000000000000000000000000000000000000000000000000000000000000000000000000000000000000000000000000000000000000000000000000000000000000000000000000000000000000000000000000000000000000000000000000000000000000000000000000000000000000000000000000000000000000000000000000000000000000000000000000000000000000000000000000000000000000000000000000000000000000000000000000000000000000000000000000000000000000000000000000000000000000000000000000000000000000000000000000000000000000000000000000000000000000000000000000000000000000000000000000000000000000000000000000000000000000000000000000000000000000000000000000000000000000000000000000000000000000000000000000000000000000000000000000000000000000000000000000000000000000000000000000000000000000000000000000000000000000000000000000000000000000000000000000000000000000000000000000000000000000000000000000000000000000000000000000000000000000000000000000000000000000000000000000000000000000000000000000000000000000000000000000000000000000000000000000000000000000000000000000000000000000000000000000000000000000000000000000000000000000000000000
